<?xml version="1.0" encoding="UTF-8"?>
<gpx xmlns="http://www.topografix.com/GPX/1/1" xmlns:gpxtpx="http://www.garmin.com/xmlschemas/TrackPointExtension/v1" xmlns:xsi="http://www.w3.org/2001/XMLSchema-instance" xsi:schemaLocation="http://www.topografix.com/GPX/1/1 http://www.topografix.com/GPX/1/1/gpx.xsd" version="1.1" creator="gpx.py -- https://github.com/tkrajina/gpxpy">
  <trk>
    <name>gpx from keep</name>
    <type>Run</type>
    <trkseg>
      <trkpt lat="30.290621288305786" lon="120.22046793731167">
        <ele>16.399999618530273</ele>
        <time>2026-10-08T11:29:07Z</time>
        <extensions>
          <gpxtpx:TrackPointExtension>
            <gpxtpx:hr>94</gpxtpx:hr>
          </gpxtpx:TrackPointExtension>
        </extensions>
      </trkpt>
      <trkpt lat="30.290673374133807" lon="120.22057011771057">
        <ele>16.200000762939453</ele>
        <time>2026-10-08T11:29:11Z</time>
        <extensions>
          <gpxtpx:TrackPointExtension>
            <gpxtpx:hr>98</gpxtpx:hr>
          </gpxtpx:TrackPointExtension>
        </extensions>
      </trkpt>
      <trkpt lat="30.290732441927315" lon="120.2206532628286">
        <ele>16.200000762939453</ele>
        <time>2026-10-08T11:29:15Z</time>
        <extensions>
          <gpxtpx:TrackPointExtension>
            <gpxtpx:hr>102</gpxtpx:hr>
          </gpxtpx:TrackPointExtension>
        </extensions>
      </trkpt>
      <trkpt lat="30.290785517240828" lon="120.22074442258348">
        <ele>16.200000762939453</ele>
        <time>2026-10-08T11:29:19Z</time>
        <extensions>
          <gpxtpx:TrackPointExtension>
            <gpxtpx:hr>107</gpxtpx:hr>
          </gpxtpx:TrackPointExtension>
        </extensions>
      </trkpt>
      <trkpt lat="30.290847578022962" lon="120.22082055429368">
        <ele>16.200000762939453</ele>
        <time>2026-10-08T11:29:23Z</time>
        <extensions>
          <gpxtpx:TrackPointExtension>
            <gpxtpx:hr>110</gpxtpx:hr>
          </gpxtpx:TrackPointExtension>
        </extensions>
      </trkpt>
      <trkpt lat="30.290902642010316" lon="120.22089969173861">
        <ele>16.0</ele>
        <time>2026-10-08T11:29:27Z</time>
        <extensions>
          <gpxtpx:TrackPointExtension>
            <gpxtpx:hr>113</gpxtpx:hr>
          </gpxtpx:TrackPointExtension>
        </extensions>
      </trkpt>
      <trkpt lat="30.290958711842865" lon="120.2209858414001">
        <ele>15.800000190734863</ele>
        <time>2026-10-08T11:29:31Z</time>
        <extensions>
          <gpxtpx:TrackPointExtension>
            <gpxtpx:hr>114</gpxtpx:hr>
          </gpxtpx:TrackPointExtension>
        </extensions>
      </trkpt>
      <trkpt lat="30.29102477069501" lon="120.22106097026627">
        <ele>16.0</ele>
        <time>2026-10-08T11:29:35Z</time>
        <extensions>
          <gpxtpx:TrackPointExtension>
            <gpxtpx:hr>115</gpxtpx:hr>
          </gpxtpx:TrackPointExtension>
        </extensions>
      </trkpt>
      <trkpt lat="30.2910908162196" lon="120.22112107211167">
        <ele>16.0</ele>
        <time>2026-10-08T11:29:39Z</time>
        <extensions>
          <gpxtpx:TrackPointExtension>
            <gpxtpx:hr>117</gpxtpx:hr>
          </gpxtpx:TrackPointExtension>
        </extensions>
      </trkpt>
      <trkpt lat="30.29116187156687" lon="120.2211931948127">
        <ele>15.800000190734863</ele>
        <time>2026-10-08T11:29:43Z</time>
        <extensions>
          <gpxtpx:TrackPointExtension>
            <gpxtpx:hr>117</gpxtpx:hr>
          </gpxtpx:TrackPointExtension>
        </extensions>
      </trkpt>
      <trkpt lat="30.291231925972443" lon="120.22126431560906">
        <ele>16.0</ele>
        <time>2026-10-08T11:29:47Z</time>
        <extensions>
          <gpxtpx:TrackPointExtension>
            <gpxtpx:hr>118</gpxtpx:hr>
          </gpxtpx:TrackPointExtension>
        </extensions>
      </trkpt>
      <trkpt lat="30.291269009803464" lon="120.2213654922532">
        <ele>15.800000190734863</ele>
        <time>2026-10-08T11:29:51Z</time>
        <extensions>
          <gpxtpx:TrackPointExtension>
            <gpxtpx:hr>120</gpxtpx:hr>
          </gpxtpx:TrackPointExtension>
        </extensions>
      </trkpt>
      <trkpt lat="30.291234114863165" lon="120.2214827027835">
        <ele>16.0</ele>
        <time>2026-10-08T11:29:55Z</time>
        <extensions>
          <gpxtpx:TrackPointExtension>
            <gpxtpx:hr>121</gpxtpx:hr>
          </gpxtpx:TrackPointExtension>
        </extensions>
      </trkpt>
      <trkpt lat="30.29118521408622" lon="120.22159189977705">
        <ele>16.0</ele>
        <time>2026-10-08T11:29:59Z</time>
        <extensions>
          <gpxtpx:TrackPointExtension>
            <gpxtpx:hr>122</gpxtpx:hr>
          </gpxtpx:TrackPointExtension>
        </extensions>
      </trkpt>
      <trkpt lat="30.291143296732486" lon="120.2216830639661">
        <ele>16.0</ele>
        <time>2026-10-08T11:30:03Z</time>
        <extensions>
          <gpxtpx:TrackPointExtension>
            <gpxtpx:hr>123</gpxtpx:hr>
          </gpxtpx:TrackPointExtension>
        </extensions>
      </trkpt>
      <trkpt lat="30.291085374838772" lon="120.22176721681471">
        <ele>16.0</ele>
        <time>2026-10-08T11:30:07Z</time>
        <extensions>
          <gpxtpx:TrackPointExtension>
            <gpxtpx:hr>126</gpxtpx:hr>
          </gpxtpx:TrackPointExtension>
        </extensions>
      </trkpt>
      <trkpt lat="30.291029457596373" lon="120.22185737976207">
        <ele>16.399999618530273</ele>
        <time>2026-10-08T11:30:11Z</time>
        <extensions>
          <gpxtpx:TrackPointExtension>
            <gpxtpx:hr>125</gpxtpx:hr>
          </gpxtpx:TrackPointExtension>
        </extensions>
      </trkpt>
      <trkpt lat="30.29098054780474" lon="120.22195755934575">
        <ele>16.399999618530273</ele>
        <time>2026-10-08T11:30:15Z</time>
        <extensions>
          <gpxtpx:TrackPointExtension>
            <gpxtpx:hr>125</gpxtpx:hr>
          </gpxtpx:TrackPointExtension>
        </extensions>
      </trkpt>
      <trkpt lat="30.29093163007167" lon="120.22204872278165">
        <ele>16.200000762939453</ele>
        <time>2026-10-08T11:30:19Z</time>
        <extensions>
          <gpxtpx:TrackPointExtension>
            <gpxtpx:hr>125</gpxtpx:hr>
          </gpxtpx:TrackPointExtension>
        </extensions>
      </trkpt>
      <trkpt lat="30.29087971910933" lon="120.2221479001006">
        <ele>16.399999618530273</ele>
        <time>2026-10-08T11:30:23Z</time>
        <extensions>
          <gpxtpx:TrackPointExtension>
            <gpxtpx:hr>126</gpxtpx:hr>
          </gpxtpx:TrackPointExtension>
        </extensions>
      </trkpt>
      <trkpt lat="30.290832811464913" lon="120.22225208532338">
        <ele>16.200000762939453</ele>
        <time>2026-10-08T11:30:27Z</time>
        <extensions>
          <gpxtpx:TrackPointExtension>
            <gpxtpx:hr>128</gpxtpx:hr>
          </gpxtpx:TrackPointExtension>
        </extensions>
      </trkpt>
      <trkpt lat="30.2907758903367" lon="120.22233924139104">
        <ele>16.200000762939453</ele>
        <time>2026-10-08T11:30:31Z</time>
        <extensions>
          <gpxtpx:TrackPointExtension>
            <gpxtpx:hr>130</gpxtpx:hr>
          </gpxtpx:TrackPointExtension>
        </extensions>
      </trkpt>
      <trkpt lat="30.290732974101264" lon="120.22243440987805">
        <ele>16.399999618530273</ele>
        <time>2026-10-08T11:30:35Z</time>
        <extensions>
          <gpxtpx:TrackPointExtension>
            <gpxtpx:hr>133</gpxtpx:hr>
          </gpxtpx:TrackPointExtension>
        </extensions>
      </trkpt>
      <trkpt lat="30.29067806049979" lon="120.22253158245046">
        <ele>16.600000381469727</ele>
        <time>2026-10-08T11:30:39Z</time>
        <extensions>
          <gpxtpx:TrackPointExtension>
            <gpxtpx:hr>131</gpxtpx:hr>
          </gpxtpx:TrackPointExtension>
        </extensions>
      </trkpt>
      <trkpt lat="30.290635144464627" lon="120.22262775192931">
        <ele>16.399999618530273</ele>
        <time>2026-10-08T11:30:43Z</time>
        <extensions>
          <gpxtpx:TrackPointExtension>
            <gpxtpx:hr>132</gpxtpx:hr>
          </gpxtpx:TrackPointExtension>
        </extensions>
      </trkpt>
      <trkpt lat="30.290580220357842" lon="120.22271290307172">
        <ele>16.600000381469727</ele>
        <time>2026-10-08T11:30:47Z</time>
        <extensions>
          <gpxtpx:TrackPointExtension>
            <gpxtpx:hr>134</gpxtpx:hr>
          </gpxtpx:TrackPointExtension>
        </extensions>
      </trkpt>
      <trkpt lat="30.290535300664903" lon="120.22280506513647">
        <ele>16.799999237060547</ele>
        <time>2026-10-08T11:30:51Z</time>
        <extensions>
          <gpxtpx:TrackPointExtension>
            <gpxtpx:hr>134</gpxtpx:hr>
          </gpxtpx:TrackPointExtension>
        </extensions>
      </trkpt>
      <trkpt lat="30.29047837951788" lon="120.22289422269952">
        <ele>16.799999237060547</ele>
        <time>2026-10-08T11:30:55Z</time>
        <extensions>
          <gpxtpx:TrackPointExtension>
            <gpxtpx:hr>133</gpxtpx:hr>
          </gpxtpx:TrackPointExtension>
        </extensions>
      </trkpt>
      <trkpt lat="30.290430462823746" lon="120.22299039118624">
        <ele>16.600000381469727</ele>
        <time>2026-10-08T11:30:59Z</time>
        <extensions>
          <gpxtpx:TrackPointExtension>
            <gpxtpx:hr>134</gpxtpx:hr>
          </gpxtpx:TrackPointExtension>
        </extensions>
      </trkpt>
      <trkpt lat="30.290375538465877" lon="120.22307654279314">
        <ele>16.799999237060547</ele>
        <time>2026-10-08T11:31:03Z</time>
        <extensions>
          <gpxtpx:TrackPointExtension>
            <gpxtpx:hr>133</gpxtpx:hr>
          </gpxtpx:TrackPointExtension>
        </extensions>
      </trkpt>
      <trkpt lat="30.290333624559487" lon="120.223177718601">
        <ele>17.200000762939453</ele>
        <time>2026-10-08T11:31:07Z</time>
        <extensions>
          <gpxtpx:TrackPointExtension>
            <gpxtpx:hr>133</gpxtpx:hr>
          </gpxtpx:TrackPointExtension>
        </extensions>
      </trkpt>
      <trkpt lat="30.29030270430895" lon="120.22327288288736">
        <ele>17.200000762939453</ele>
        <time>2026-10-08T11:31:11Z</time>
        <extensions>
          <gpxtpx:TrackPointExtension>
            <gpxtpx:hr>133</gpxtpx:hr>
          </gpxtpx:TrackPointExtension>
        </extensions>
      </trkpt>
      <trkpt lat="30.290308780592813" lon="120.22336904545905">
        <ele>17.200000762939453</ele>
        <time>2026-10-08T11:31:15Z</time>
        <extensions>
          <gpxtpx:TrackPointExtension>
            <gpxtpx:hr>132</gpxtpx:hr>
          </gpxtpx:TrackPointExtension>
        </extensions>
      </trkpt>
      <trkpt lat="30.290368837243147" lon="120.22344817442976">
        <ele>17.0</ele>
        <time>2026-10-08T11:31:19Z</time>
        <extensions>
          <gpxtpx:TrackPointExtension>
            <gpxtpx:hr>130</gpxtpx:hr>
          </gpxtpx:TrackPointExtension>
        </extensions>
      </trkpt>
      <trkpt lat="30.290451874528987" lon="120.22350626575032">
        <ele>17.0</ele>
        <time>2026-10-08T11:31:23Z</time>
        <extensions>
          <gpxtpx:TrackPointExtension>
            <gpxtpx:hr>132</gpxtpx:hr>
          </gpxtpx:TrackPointExtension>
        </extensions>
      </trkpt>
      <trkpt lat="30.290543905178776" lon="120.22355734437144">
        <ele>17.0</ele>
        <time>2026-10-08T11:31:27Z</time>
        <extensions>
          <gpxtpx:TrackPointExtension>
            <gpxtpx:hr>131</gpxtpx:hr>
          </gpxtpx:TrackPointExtension>
        </extensions>
      </trkpt>
      <trkpt lat="30.290641940628937" lon="120.22361543420072">
        <ele>16.799999237060547</ele>
        <time>2026-10-08T11:31:31Z</time>
        <extensions>
          <gpxtpx:TrackPointExtension>
            <gpxtpx:hr>129</gpxtpx:hr>
          </gpxtpx:TrackPointExtension>
        </extensions>
      </trkpt>
      <trkpt lat="30.29072996755538" lon="120.22366150450172">
        <ele>16.600000381469727</ele>
        <time>2026-10-08T11:31:35Z</time>
        <extensions>
          <gpxtpx:TrackPointExtension>
            <gpxtpx:hr>130</gpxtpx:hr>
          </gpxtpx:TrackPointExtension>
        </extensions>
      </trkpt>
      <trkpt lat="30.29082099644512" lon="120.22371057951833">
        <ele>16.399999618530273</ele>
        <time>2026-10-08T11:31:39Z</time>
        <extensions>
          <gpxtpx:TrackPointExtension>
            <gpxtpx:hr>131</gpxtpx:hr>
          </gpxtpx:TrackPointExtension>
        </extensions>
      </trkpt>
      <trkpt lat="30.290894030322658" lon="120.22376366264146">
        <ele>16.799999237060547</ele>
        <time>2026-10-08T11:31:43Z</time>
        <extensions>
          <gpxtpx:TrackPointExtension>
            <gpxtpx:hr>132</gpxtpx:hr>
          </gpxtpx:TrackPointExtension>
        </extensions>
      </trkpt>
      <trkpt lat="30.290974068836494" lon="120.22382375682247">
        <ele>16.600000381469727</ele>
        <time>2026-10-08T11:31:47Z</time>
        <extensions>
          <gpxtpx:TrackPointExtension>
            <gpxtpx:hr>134</gpxtpx:hr>
          </gpxtpx:TrackPointExtension>
        </extensions>
      </trkpt>
      <trkpt lat="30.291066102803644" lon="120.22387984316602">
        <ele>16.799999237060547</ele>
        <time>2026-10-08T11:31:51Z</time>
        <extensions>
          <gpxtpx:TrackPointExtension>
            <gpxtpx:hr>133</gpxtpx:hr>
          </gpxtpx:TrackPointExtension>
        </extensions>
      </trkpt>
      <trkpt lat="30.2911471393992" lon="120.22393793363416">
        <ele>16.600000381469727</ele>
        <time>2026-10-08T11:31:55Z</time>
        <extensions>
          <gpxtpx:TrackPointExtension>
            <gpxtpx:hr>133</gpxtpx:hr>
          </gpxtpx:TrackPointExtension>
        </extensions>
      </trkpt>
      <trkpt lat="30.29123617501284" lon="120.22399602330678">
        <ele>16.799999237060547</ele>
        <time>2026-10-08T11:31:59Z</time>
        <extensions>
          <gpxtpx:TrackPointExtension>
            <gpxtpx:hr>135</gpxtpx:hr>
          </gpxtpx:TrackPointExtension>
        </extensions>
      </trkpt>
      <trkpt lat="30.29132220539386" lon="120.22404710140641">
        <ele>17.0</ele>
        <time>2026-10-08T11:32:03Z</time>
        <extensions>
          <gpxtpx:TrackPointExtension>
            <gpxtpx:hr>135</gpxtpx:hr>
          </gpxtpx:TrackPointExtension>
        </extensions>
      </trkpt>
      <trkpt lat="30.291412233699265" lon="120.22409617573662">
        <ele>17.399999618530273</ele>
        <time>2026-10-08T11:32:07Z</time>
        <extensions>
          <gpxtpx:TrackPointExtension>
            <gpxtpx:hr>136</gpxtpx:hr>
          </gpxtpx:TrackPointExtension>
        </extensions>
      </trkpt>
      <trkpt lat="30.29149727327198" lon="120.22415927368752">
        <ele>17.399999618530273</ele>
        <time>2026-10-08T11:32:11Z</time>
        <extensions>
          <gpxtpx:TrackPointExtension>
            <gpxtpx:hr>136</gpxtpx:hr>
          </gpxtpx:TrackPointExtension>
        </extensions>
      </trkpt>
      <trkpt lat="30.291502362871256" lon="120.22427646774459">
        <ele>17.399999618530273</ele>
        <time>2026-10-08T11:32:15Z</time>
        <extensions>
          <gpxtpx:TrackPointExtension>
            <gpxtpx:hr>138</gpxtpx:hr>
          </gpxtpx:TrackPointExtension>
        </extensions>
      </trkpt>
      <trkpt lat="30.291469453798822" lon="120.22439065940321">
        <ele>17.399999618530273</ele>
        <time>2026-10-08T11:32:19Z</time>
        <extensions>
          <gpxtpx:TrackPointExtension>
            <gpxtpx:hr>139</gpxtpx:hr>
          </gpxtpx:TrackPointExtension>
        </extensions>
      </trkpt>
      <trkpt lat="30.29143154481347" lon="120.22450485094058">
        <ele>17.399999618530273</ele>
        <time>2026-10-08T11:32:23Z</time>
        <extensions>
          <gpxtpx:TrackPointExtension>
            <gpxtpx:hr>141</gpxtpx:hr>
          </gpxtpx:TrackPointExtension>
        </extensions>
      </trkpt>
      <trkpt lat="30.29140464553468" lon="120.22463406572056">
        <ele>17.200000762939453</ele>
        <time>2026-10-08T11:32:27Z</time>
        <extensions>
          <gpxtpx:TrackPointExtension>
            <gpxtpx:hr>142</gpxtpx:hr>
          </gpxtpx:TrackPointExtension>
        </extensions>
      </trkpt>
      <trkpt lat="30.29137273569082" lon="120.22474925726742">
        <ele>16.799999237060547</ele>
        <time>2026-10-08T11:32:31Z</time>
        <extensions>
          <gpxtpx:TrackPointExtension>
            <gpxtpx:hr>143</gpxtpx:hr>
          </gpxtpx:TrackPointExtension>
        </extensions>
      </trkpt>
      <trkpt lat="30.291290796324322" lon="120.22481837710176">
        <ele>16.399999618530273</ele>
        <time>2026-10-08T11:32:35Z</time>
        <extensions>
          <gpxtpx:TrackPointExtension>
            <gpxtpx:hr>143</gpxtpx:hr>
          </gpxtpx:TrackPointExtension>
        </extensions>
      </trkpt>
      <trkpt lat="30.29119782206503" lon="120.22483941913279">
        <ele>16.399999618530273</ele>
        <time>2026-10-08T11:32:39Z</time>
        <extensions>
          <gpxtpx:TrackPointExtension>
            <gpxtpx:hr>142</gpxtpx:hr>
          </gpxtpx:TrackPointExtension>
        </extensions>
      </trkpt>
      <trkpt lat="30.291103848639473" lon="120.22486146286364">
        <ele>16.399999618530273</ele>
        <time>2026-10-08T11:32:43Z</time>
        <extensions>
          <gpxtpx:TrackPointExtension>
            <gpxtpx:hr>140</gpxtpx:hr>
          </gpxtpx:TrackPointExtension>
        </extensions>
      </trkpt>
      <trkpt lat="30.291011868248184" lon="120.22487449169464">
        <ele>16.399999618530273</ele>
        <time>2026-10-08T11:32:47Z</time>
        <extensions>
          <gpxtpx:TrackPointExtension>
            <gpxtpx:hr>140</gpxtpx:hr>
          </gpxtpx:TrackPointExtension>
        </extensions>
      </trkpt>
      <trkpt lat="30.29091488613968" lon="120.22488451602577">
        <ele>16.399999618530273</ele>
        <time>2026-10-08T11:32:51Z</time>
        <extensions>
          <gpxtpx:TrackPointExtension>
            <gpxtpx:hr>140</gpxtpx:hr>
          </gpxtpx:TrackPointExtension>
        </extensions>
      </trkpt>
      <trkpt lat="30.29081490508938" lon="120.22489554223392">
        <ele>16.600000381469727</ele>
        <time>2026-10-08T11:32:55Z</time>
        <extensions>
          <gpxtpx:TrackPointExtension>
            <gpxtpx:hr>140</gpxtpx:hr>
          </gpxtpx:TrackPointExtension>
        </extensions>
      </trkpt>
      <trkpt lat="30.290717921465983" lon="120.22490356328832">
        <ele>16.600000381469727</ele>
        <time>2026-10-08T11:32:59Z</time>
        <extensions>
          <gpxtpx:TrackPointExtension>
            <gpxtpx:hr>139</gpxtpx:hr>
          </gpxtpx:TrackPointExtension>
        </extensions>
      </trkpt>
      <trkpt lat="30.290619928234864" lon="120.22489856318087">
        <ele>16.399999618530273</ele>
        <time>2026-10-08T11:33:03Z</time>
        <extensions>
          <gpxtpx:TrackPointExtension>
            <gpxtpx:hr>135</gpxtpx:hr>
          </gpxtpx:TrackPointExtension>
        </extensions>
      </trkpt>
      <trkpt lat="30.290523941502954" lon="120.22490257761604">
        <ele>16.200000762939453</ele>
        <time>2026-10-08T11:33:07Z</time>
        <extensions>
          <gpxtpx:TrackPointExtension>
            <gpxtpx:hr>131</gpxtpx:hr>
          </gpxtpx:TrackPointExtension>
        </extensions>
      </trkpt>
      <trkpt lat="30.290431946121675" lon="120.22489557374607">
        <ele>16.200000762939453</ele>
        <time>2026-10-08T11:33:11Z</time>
        <extensions>
          <gpxtpx:TrackPointExtension>
            <gpxtpx:hr>129</gpxtpx:hr>
          </gpxtpx:TrackPointExtension>
        </extensions>
      </trkpt>
      <trkpt lat="30.29031993418082" lon="120.22486353064095">
        <ele>16.200000762939453</ele>
        <time>2026-10-08T11:33:15Z</time>
        <extensions>
          <gpxtpx:TrackPointExtension>
            <gpxtpx:hr>133</gpxtpx:hr>
          </gpxtpx:TrackPointExtension>
        </extensions>
      </trkpt>
      <trkpt lat="30.290215907100286" lon="120.22481245572558">
        <ele>16.399999618530273</ele>
        <time>2026-10-08T11:33:19Z</time>
        <extensions>
          <gpxtpx:TrackPointExtension>
            <gpxtpx:hr>136</gpxtpx:hr>
          </gpxtpx:TrackPointExtension>
        </extensions>
      </trkpt>
      <trkpt lat="30.290116898916573" lon="120.22478742291426">
        <ele>16.0</ele>
        <time>2026-10-08T11:33:23Z</time>
        <extensions>
          <gpxtpx:TrackPointExtension>
            <gpxtpx:hr>138</gpxtpx:hr>
          </gpxtpx:TrackPointExtension>
        </extensions>
      </trkpt>
      <trkpt lat="30.29002288340503" lon="120.22475337490594">
        <ele>16.0</ele>
        <time>2026-10-08T11:33:27Z</time>
        <extensions>
          <gpxtpx:TrackPointExtension>
            <gpxtpx:hr>139</gpxtpx:hr>
          </gpxtpx:TrackPointExtension>
        </extensions>
      </trkpt>
      <trkpt lat="30.289913887508646" lon="120.22474336747035">
        <ele>16.200000762939453</ele>
        <time>2026-10-08T11:33:31Z</time>
        <extensions>
          <gpxtpx:TrackPointExtension>
            <gpxtpx:hr>138</gpxtpx:hr>
          </gpxtpx:TrackPointExtension>
        </extensions>
      </trkpt>
      <trkpt lat="30.289787908454677" lon="120.22475339424108">
        <ele>16.0</ele>
        <time>2026-10-08T11:33:35Z</time>
        <extensions>
          <gpxtpx:TrackPointExtension>
            <gpxtpx:hr>138</gpxtpx:hr>
          </gpxtpx:TrackPointExtension>
        </extensions>
      </trkpt>
      <trkpt lat="30.28965892293955" lon="120.22475440649492">
        <ele>16.0</ele>
        <time>2026-10-08T11:33:39Z</time>
        <extensions>
          <gpxtpx:TrackPointExtension>
            <gpxtpx:hr>137</gpxtpx:hr>
          </gpxtpx:TrackPointExtension>
        </extensions>
      </trkpt>
      <trkpt lat="30.28953794031989" lon="120.2247604262904">
        <ele>16.200000762939453</ele>
        <time>2026-10-08T11:33:43Z</time>
        <extensions>
          <gpxtpx:TrackPointExtension>
            <gpxtpx:hr>139</gpxtpx:hr>
          </gpxtpx:TrackPointExtension>
        </extensions>
      </trkpt>
      <trkpt lat="30.28943594890548" lon="120.22475742976269">
        <ele>16.399999618530273</ele>
        <time>2026-10-08T11:33:47Z</time>
        <extensions>
          <gpxtpx:TrackPointExtension>
            <gpxtpx:hr>139</gpxtpx:hr>
          </gpxtpx:TrackPointExtension>
        </extensions>
      </trkpt>
      <trkpt lat="30.289346953095173" lon="120.22475042560417">
        <ele>16.399999618530273</ele>
        <time>2026-10-08T11:33:51Z</time>
        <extensions>
          <gpxtpx:TrackPointExtension>
            <gpxtpx:hr>140</gpxtpx:hr>
          </gpxtpx:TrackPointExtension>
        </extensions>
      </trkpt>
      <trkpt lat="30.289256964903647" lon="120.22475343792964">
        <ele>16.200000762939453</ele>
        <time>2026-10-08T11:33:55Z</time>
        <extensions>
          <gpxtpx:TrackPointExtension>
            <gpxtpx:hr>140</gpxtpx:hr>
          </gpxtpx:TrackPointExtension>
        </extensions>
      </trkpt>
      <trkpt lat="30.289161987005787" lon="120.22476947198317">
        <ele>16.200000762939453</ele>
        <time>2026-10-08T11:33:59Z</time>
        <extensions>
          <gpxtpx:TrackPointExtension>
            <gpxtpx:hr>140</gpxtpx:hr>
          </gpxtpx:TrackPointExtension>
        </extensions>
      </trkpt>
      <trkpt lat="30.28904899898316" lon="120.22476948128018">
        <ele>16.0</ele>
        <time>2026-10-08T11:34:03Z</time>
        <extensions>
          <gpxtpx:TrackPointExtension>
            <gpxtpx:hr>140</gpxtpx:hr>
          </gpxtpx:TrackPointExtension>
        </extensions>
      </trkpt>
      <trkpt lat="30.28893800322448" lon="120.2247594740155">
        <ele>16.200000762939453</ele>
        <time>2026-10-08T11:34:07Z</time>
        <extensions>
          <gpxtpx:TrackPointExtension>
            <gpxtpx:hr>139</gpxtpx:hr>
          </gpxtpx:TrackPointExtension>
        </extensions>
      </trkpt>
      <trkpt lat="30.288836981560348" lon="120.22471641177084">
        <ele>16.200000762939453</ele>
        <time>2026-10-08T11:34:11Z</time>
        <extensions>
          <gpxtpx:TrackPointExtension>
            <gpxtpx:hr>140</gpxtpx:hr>
          </gpxtpx:TrackPointExtension>
        </extensions>
      </trkpt>
      <trkpt lat="30.28875192338238" lon="120.22462727249184">
        <ele>16.0</ele>
        <time>2026-10-08T11:34:15Z</time>
        <extensions>
          <gpxtpx:TrackPointExtension>
            <gpxtpx:hr>139</gpxtpx:hr>
          </gpxtpx:TrackPointExtension>
        </extensions>
      </trkpt>
      <trkpt lat="30.288692840901135" lon="120.22451008456083">
        <ele>16.0</ele>
        <time>2026-10-08T11:34:19Z</time>
        <extensions>
          <gpxtpx:TrackPointExtension>
            <gpxtpx:hr>138</gpxtpx:hr>
          </gpxtpx:TrackPointExtension>
        </extensions>
      </trkpt>
      <trkpt lat="30.288644759836984" lon="120.22439690178285">
        <ele>16.0</ele>
        <time>2026-10-08T11:34:23Z</time>
        <extensions>
          <gpxtpx:TrackPointExtension>
            <gpxtpx:hr>139</gpxtpx:hr>
          </gpxtpx:TrackPointExtension>
        </extensions>
      </trkpt>
      <trkpt lat="30.288596679864348" lon="120.22428572180048">
        <ele>16.0</ele>
        <time>2026-10-08T11:34:27Z</time>
        <extensions>
          <gpxtpx:TrackPointExtension>
            <gpxtpx:hr>140</gpxtpx:hr>
          </gpxtpx:TrackPointExtension>
        </extensions>
      </trkpt>
      <trkpt lat="30.288558593774997" lon="120.22416853050716">
        <ele>16.0</ele>
        <time>2026-10-08T11:34:31Z</time>
        <extensions>
          <gpxtpx:TrackPointExtension>
            <gpxtpx:hr>141</gpxtpx:hr>
          </gpxtpx:TrackPointExtension>
        </extensions>
      </trkpt>
      <trkpt lat="30.28851650840901" lon="120.22405234065211">
        <ele>16.200000762939453</ele>
        <time>2026-10-08T11:34:35Z</time>
        <extensions>
          <gpxtpx:TrackPointExtension>
            <gpxtpx:hr>141</gpxtpx:hr>
          </gpxtpx:TrackPointExtension>
        </extensions>
      </trkpt>
      <trkpt lat="30.288467431894553" lon="120.22394716923036">
        <ele>16.0</ele>
        <time>2026-10-08T11:34:39Z</time>
        <extensions>
          <gpxtpx:TrackPointExtension>
            <gpxtpx:hr>142</gpxtpx:hr>
          </gpxtpx:TrackPointExtension>
        </extensions>
      </trkpt>
      <trkpt lat="30.288425360525068" lon="120.22385001020076">
        <ele>16.200000762939453</ele>
        <time>2026-10-08T11:34:43Z</time>
        <extensions>
          <gpxtpx:TrackPointExtension>
            <gpxtpx:hr>143</gpxtpx:hr>
          </gpxtpx:TrackPointExtension>
        </extensions>
      </trkpt>
      <trkpt lat="30.288372283696518" lon="120.22374483824312">
        <ele>16.200000762939453</ele>
        <time>2026-10-08T11:34:47Z</time>
        <extensions>
          <gpxtpx:TrackPointExtension>
            <gpxtpx:hr>142</gpxtpx:hr>
          </gpxtpx:TrackPointExtension>
        </extensions>
      </trkpt>
      <trkpt lat="30.288322197473295" lon="120.22362864704506">
        <ele>16.399999618530273</ele>
        <time>2026-10-08T11:34:51Z</time>
        <extensions>
          <gpxtpx:TrackPointExtension>
            <gpxtpx:hr>143</gpxtpx:hr>
          </gpxtpx:TrackPointExtension>
        </extensions>
      </trkpt>
      <trkpt lat="30.288272116346945" lon="120.22351946713417">
        <ele>16.600000381469727</ele>
        <time>2026-10-08T11:34:55Z</time>
        <extensions>
          <gpxtpx:TrackPointExtension>
            <gpxtpx:hr>144</gpxtpx:hr>
          </gpxtpx:TrackPointExtension>
        </extensions>
      </trkpt>
      <trkpt lat="30.288217027352275" lon="120.2234002702003">
        <ele>16.600000381469727</ele>
        <time>2026-10-08T11:34:59Z</time>
        <extensions>
          <gpxtpx:TrackPointExtension>
            <gpxtpx:hr>143</gpxtpx:hr>
          </gpxtpx:TrackPointExtension>
        </extensions>
      </trkpt>
      <trkpt lat="30.288172947944446" lon="120.2232950955849">
        <ele>16.600000381469727</ele>
        <time>2026-10-08T11:35:03Z</time>
        <extensions>
          <gpxtpx:TrackPointExtension>
            <gpxtpx:hr>145</gpxtpx:hr>
          </gpxtpx:TrackPointExtension>
        </extensions>
      </trkpt>
      <trkpt lat="30.288125870083835" lon="120.22319192417683">
        <ele>16.600000381469727</ele>
        <time>2026-10-08T11:35:07Z</time>
        <extensions>
          <gpxtpx:TrackPointExtension>
            <gpxtpx:hr>144</gpxtpx:hr>
          </gpxtpx:TrackPointExtension>
        </extensions>
      </trkpt>
      <trkpt lat="30.288071791784844" lon="120.22308775120698">
        <ele>16.600000381469727</ele>
        <time>2026-10-08T11:35:11Z</time>
        <extensions>
          <gpxtpx:TrackPointExtension>
            <gpxtpx:hr>143</gpxtpx:hr>
          </gpxtpx:TrackPointExtension>
        </extensions>
      </trkpt>
      <trkpt lat="30.288022707709196" lon="120.22297756711373">
        <ele>16.799999237060547</ele>
        <time>2026-10-08T11:35:15Z</time>
        <extensions>
          <gpxtpx:TrackPointExtension>
            <gpxtpx:hr>143</gpxtpx:hr>
          </gpxtpx:TrackPointExtension>
        </extensions>
      </trkpt>
      <trkpt lat="30.287970630066454" lon="120.22287539651202">
        <ele>16.799999237060547</ele>
        <time>2026-10-08T11:35:19Z</time>
        <extensions>
          <gpxtpx:TrackPointExtension>
            <gpxtpx:hr>146</gpxtpx:hr>
          </gpxtpx:TrackPointExtension>
        </extensions>
      </trkpt>
      <trkpt lat="30.28793254977416" lon="120.22277222261702">
        <ele>16.799999237060547</ele>
        <time>2026-10-08T11:35:23Z</time>
        <extensions>
          <gpxtpx:TrackPointExtension>
            <gpxtpx:hr>145</gpxtpx:hr>
          </gpxtpx:TrackPointExtension>
        </extensions>
      </trkpt>
      <trkpt lat="30.287905468785794" lon="120.2226700491133">
        <ele>16.799999237060547</ele>
        <time>2026-10-08T11:35:27Z</time>
        <extensions>
          <gpxtpx:TrackPointExtension>
            <gpxtpx:hr>146</gpxtpx:hr>
          </gpxtpx:TrackPointExtension>
        </extensions>
      </trkpt>
      <trkpt lat="30.287884392599718" lon="120.222574886798">
        <ele>16.799999237060547</ele>
        <time>2026-10-08T11:35:31Z</time>
        <extensions>
          <gpxtpx:TrackPointExtension>
            <gpxtpx:hr>147</gpxtpx:hr>
          </gpxtpx:TrackPointExtension>
        </extensions>
      </trkpt>
      <trkpt lat="30.28786030977919" lon="120.22247171050454">
        <ele>16.799999237060547</ele>
        <time>2026-10-08T11:35:35Z</time>
        <extensions>
          <gpxtpx:TrackPointExtension>
            <gpxtpx:hr>148</gpxtpx:hr>
          </gpxtpx:TrackPointExtension>
        </extensions>
      </trkpt>
      <trkpt lat="30.287833210228484" lon="120.22234849928323">
        <ele>16.799999237060547</ele>
        <time>2026-10-08T11:35:39Z</time>
        <extensions>
          <gpxtpx:TrackPointExtension>
            <gpxtpx:hr>147</gpxtpx:hr>
          </gpxtpx:TrackPointExtension>
        </extensions>
      </trkpt>
      <trkpt lat="30.287817098940288" lon="120.22221326563255">
        <ele>16.799999237060547</ele>
        <time>2026-10-08T11:35:43Z</time>
        <extensions>
          <gpxtpx:TrackPointExtension>
            <gpxtpx:hr>148</gpxtpx:hr>
          </gpxtpx:TrackPointExtension>
        </extensions>
      </trkpt>
      <trkpt lat="30.28780297163059" lon="120.22205999960356">
        <ele>16.600000381469727</ele>
        <time>2026-10-08T11:35:47Z</time>
        <extensions>
          <gpxtpx:TrackPointExtension>
            <gpxtpx:hr>146</gpxtpx:hr>
          </gpxtpx:TrackPointExtension>
        </extensions>
      </trkpt>
      <trkpt lat="30.28777386293311" lon="120.22192777072698">
        <ele>16.799999237060547</ele>
        <time>2026-10-08T11:35:51Z</time>
        <extensions>
          <gpxtpx:TrackPointExtension>
            <gpxtpx:hr>146</gpxtpx:hr>
          </gpxtpx:TrackPointExtension>
        </extensions>
      </trkpt>
      <trkpt lat="30.287741766754266" lon="120.22181056779405">
        <ele>16.600000381469727</ele>
        <time>2026-10-08T11:35:55Z</time>
        <extensions>
          <gpxtpx:TrackPointExtension>
            <gpxtpx:hr>146</gpxtpx:hr>
          </gpxtpx:TrackPointExtension>
        </extensions>
      </trkpt>
      <trkpt lat="30.287700678764676" lon="120.22170238092896">
        <ele>16.600000381469727</ele>
        <time>2026-10-08T11:35:59Z</time>
        <extensions>
          <gpxtpx:TrackPointExtension>
            <gpxtpx:hr>146</gpxtpx:hr>
          </gpxtpx:TrackPointExtension>
        </extensions>
      </trkpt>
      <trkpt lat="30.28766459157486" lon="120.22159619672216">
        <ele>16.399999618530273</ele>
        <time>2026-10-08T11:36:03Z</time>
        <extensions>
          <gpxtpx:TrackPointExtension>
            <gpxtpx:hr>147</gpxtpx:hr>
          </gpxtpx:TrackPointExtension>
        </extensions>
      </trkpt>
      <trkpt lat="30.28762450096963" lon="120.22148600530757">
        <ele>16.200000762939453</ele>
        <time>2026-10-08T11:36:07Z</time>
        <extensions>
          <gpxtpx:TrackPointExtension>
            <gpxtpx:hr>146</gpxtpx:hr>
          </gpxtpx:TrackPointExtension>
        </extensions>
      </trkpt>
      <trkpt lat="30.28757141045062" lon="120.22137481270424">
        <ele>16.399999618530273</ele>
        <time>2026-10-08T11:36:11Z</time>
        <extensions>
          <gpxtpx:TrackPointExtension>
            <gpxtpx:hr>147</gpxtpx:hr>
          </gpxtpx:TrackPointExtension>
        </extensions>
      </trkpt>
      <trkpt lat="30.287520321918024" lon="120.22126662478888">
        <ele>16.200000762939453</ele>
        <time>2026-10-08T11:36:15Z</time>
        <extensions>
          <gpxtpx:TrackPointExtension>
            <gpxtpx:hr>147</gpxtpx:hr>
          </gpxtpx:TrackPointExtension>
        </extensions>
      </trkpt>
      <trkpt lat="30.287462231099965" lon="120.22115543162998">
        <ele>16.200000762939453</ele>
        <time>2026-10-08T11:36:19Z</time>
        <extensions>
          <gpxtpx:TrackPointExtension>
            <gpxtpx:hr>148</gpxtpx:hr>
          </gpxtpx:TrackPointExtension>
        </extensions>
      </trkpt>
      <trkpt lat="30.287431121218354" lon="120.22102620353591">
        <ele>16.0</ele>
        <time>2026-10-08T11:36:23Z</time>
        <extensions>
          <gpxtpx:TrackPointExtension>
            <gpxtpx:hr>148</gpxtpx:hr>
          </gpxtpx:TrackPointExtension>
        </extensions>
      </trkpt>
      <trkpt lat="30.287484001094768" lon="120.22089596607002">
        <ele>15.800000190734863</ele>
        <time>2026-10-08T11:36:27Z</time>
        <extensions>
          <gpxtpx:TrackPointExtension>
            <gpxtpx:hr>148</gpxtpx:hr>
          </gpxtpx:TrackPointExtension>
        </extensions>
      </trkpt>
      <trkpt lat="30.287588920187705" lon="120.22081681544316">
        <ele>15.600000381469727</ele>
        <time>2026-10-08T11:36:31Z</time>
        <extensions>
          <gpxtpx:TrackPointExtension>
            <gpxtpx:hr>149</gpxtpx:hr>
          </gpxtpx:TrackPointExtension>
        </extensions>
      </trkpt>
      <trkpt lat="30.287706851027195" lon="120.22075269052301">
        <ele>15.600000381469727</ele>
        <time>2026-10-08T11:36:35Z</time>
        <extensions>
          <gpxtpx:TrackPointExtension>
            <gpxtpx:hr>148</gpxtpx:hr>
          </gpxtpx:TrackPointExtension>
        </extensions>
      </trkpt>
      <trkpt lat="30.28781578355488" lon="120.22068956798537">
        <ele>15.800000190734863</ele>
        <time>2026-10-08T11:36:39Z</time>
        <extensions>
          <gpxtpx:TrackPointExtension>
            <gpxtpx:hr>148</gpxtpx:hr>
          </gpxtpx:TrackPointExtension>
        </extensions>
      </trkpt>
      <trkpt lat="30.287913731372875" lon="120.22064247509238">
        <ele>15.800000190734863</ele>
        <time>2026-10-08T11:36:43Z</time>
        <extensions>
          <gpxtpx:TrackPointExtension>
            <gpxtpx:hr>149</gpxtpx:hr>
          </gpxtpx:TrackPointExtension>
        </extensions>
      </trkpt>
      <trkpt lat="30.288000681160245" lon="120.22059638482516">
        <ele>15.800000190734863</ele>
        <time>2026-10-08T11:36:47Z</time>
        <extensions>
          <gpxtpx:TrackPointExtension>
            <gpxtpx:hr>149</gpxtpx:hr>
          </gpxtpx:TrackPointExtension>
        </extensions>
      </trkpt>
      <trkpt lat="30.28808862718557" lon="120.2205462871542">
        <ele>16.0</ele>
        <time>2026-10-08T11:36:51Z</time>
        <extensions>
          <gpxtpx:TrackPointExtension>
            <gpxtpx:hr>145</gpxtpx:hr>
          </gpxtpx:TrackPointExtension>
        </extensions>
      </trkpt>
      <trkpt lat="30.28818655861212" lon="120.22048116138455">
        <ele>16.0</ele>
        <time>2026-10-08T11:36:55Z</time>
        <extensions>
          <gpxtpx:TrackPointExtension>
            <gpxtpx:hr>144</gpxtpx:hr>
          </gpxtpx:TrackPointExtension>
        </extensions>
      </trkpt>
      <trkpt lat="30.288279492216322" lon="120.2204180394888">
        <ele>16.0</ele>
        <time>2026-10-08T11:36:59Z</time>
        <extensions>
          <gpxtpx:TrackPointExtension>
            <gpxtpx:hr>144</gpxtpx:hr>
          </gpxtpx:TrackPointExtension>
        </extensions>
      </trkpt>
      <trkpt lat="30.28836842520187" lon="120.22035391594866">
        <ele>16.0</ele>
        <time>2026-10-08T11:37:03Z</time>
        <extensions>
          <gpxtpx:TrackPointExtension>
            <gpxtpx:hr>145</gpxtpx:hr>
          </gpxtpx:TrackPointExtension>
        </extensions>
      </trkpt>
      <trkpt lat="30.28845436559016" lon="120.2202978070494">
        <ele>16.0</ele>
        <time>2026-10-08T11:37:07Z</time>
        <extensions>
          <gpxtpx:TrackPointExtension>
            <gpxtpx:hr>148</gpxtpx:hr>
          </gpxtpx:TrackPointExtension>
        </extensions>
      </trkpt>
      <trkpt lat="30.288545299908087" lon="120.22023568668511">
        <ele>15.800000190734863</ele>
        <time>2026-10-08T11:37:11Z</time>
        <extensions>
          <gpxtpx:TrackPointExtension>
            <gpxtpx:hr>148</gpxtpx:hr>
          </gpxtpx:TrackPointExtension>
        </extensions>
      </trkpt>
      <trkpt lat="30.28863222725272" lon="120.22016555190422">
        <ele>15.800000190734863</ele>
        <time>2026-10-08T11:37:15Z</time>
        <extensions>
          <gpxtpx:TrackPointExtension>
            <gpxtpx:hr>146</gpxtpx:hr>
          </gpxtpx:TrackPointExtension>
        </extensions>
      </trkpt>
      <trkpt lat="30.28871615565595" lon="120.22009641900462">
        <ele>15.800000190734863</ele>
        <time>2026-10-08T11:37:19Z</time>
        <extensions>
          <gpxtpx:TrackPointExtension>
            <gpxtpx:hr>147</gpxtpx:hr>
          </gpxtpx:TrackPointExtension>
        </extensions>
      </trkpt>
      <trkpt lat="30.288803085403146" lon="120.2200292893304">
        <ele>16.0</ele>
        <time>2026-10-08T11:37:23Z</time>
        <extensions>
          <gpxtpx:TrackPointExtension>
            <gpxtpx:hr>146</gpxtpx:hr>
          </gpxtpx:TrackPointExtension>
        </extensions>
      </trkpt>
      <trkpt lat="30.288888009719088" lon="120.21995614864898">
        <ele>16.0</ele>
        <time>2026-10-08T11:37:27Z</time>
        <extensions>
          <gpxtpx:TrackPointExtension>
            <gpxtpx:hr>145</gpxtpx:hr>
          </gpxtpx:TrackPointExtension>
        </extensions>
      </trkpt>
      <trkpt lat="30.28897993586297" lon="120.2198860126882">
        <ele>15.800000190734863</ele>
        <time>2026-10-08T11:37:31Z</time>
        <extensions>
          <gpxtpx:TrackPointExtension>
            <gpxtpx:hr>146</gpxtpx:hr>
          </gpxtpx:TrackPointExtension>
        </extensions>
      </trkpt>
      <trkpt lat="30.289065854197563" lon="120.21980686048403">
        <ele>16.200000762939453</ele>
        <time>2026-10-08T11:37:35Z</time>
        <extensions>
          <gpxtpx:TrackPointExtension>
            <gpxtpx:hr>147</gpxtpx:hr>
          </gpxtpx:TrackPointExtension>
        </extensions>
      </trkpt>
      <trkpt lat="30.289147775510827" lon="120.21973071388925">
        <ele>16.0</ele>
        <time>2026-10-08T11:37:39Z</time>
        <extensions>
          <gpxtpx:TrackPointExtension>
            <gpxtpx:hr>145</gpxtpx:hr>
          </gpxtpx:TrackPointExtension>
        </extensions>
      </trkpt>
      <trkpt lat="30.289231700114442" lon="120.21965857428106">
        <ele>15.800000190734863</ele>
        <time>2026-10-08T11:37:43Z</time>
        <extensions>
          <gpxtpx:TrackPointExtension>
            <gpxtpx:hr>144</gpxtpx:hr>
          </gpxtpx:TrackPointExtension>
        </extensions>
      </trkpt>
      <trkpt lat="30.28931261744258" lon="120.21957841993859">
        <ele>16.0</ele>
        <time>2026-10-08T11:37:47Z</time>
        <extensions>
          <gpxtpx:TrackPointExtension>
            <gpxtpx:hr>144</gpxtpx:hr>
          </gpxtpx:TrackPointExtension>
        </extensions>
      </trkpt>
      <trkpt lat="30.28939753505934" lon="120.2194992668669">
        <ele>15.800000190734863</ele>
        <time>2026-10-08T11:37:51Z</time>
        <extensions>
          <gpxtpx:TrackPointExtension>
            <gpxtpx:hr>144</gpxtpx:hr>
          </gpxtpx:TrackPointExtension>
        </extensions>
      </trkpt>
      <trkpt lat="30.289481446975323" lon="120.21941410251121">
        <ele>15.800000190734863</ele>
        <time>2026-10-08T11:37:55Z</time>
        <extensions>
          <gpxtpx:TrackPointExtension>
            <gpxtpx:hr>145</gpxtpx:hr>
          </gpxtpx:TrackPointExtension>
        </extensions>
      </trkpt>
      <trkpt lat="30.289564368107307" lon="120.21933895652563">
        <ele>15.800000190734863</ele>
        <time>2026-10-08T11:37:59Z</time>
        <extensions>
          <gpxtpx:TrackPointExtension>
            <gpxtpx:hr>147</gpxtpx:hr>
          </gpxtpx:TrackPointExtension>
        </extensions>
      </trkpt>
      <trkpt lat="30.289646293842893" lon="120.21926881970103">
        <ele>15.800000190734863</ele>
        <time>2026-10-08T11:38:03Z</time>
        <extensions>
          <gpxtpx:TrackPointExtension>
            <gpxtpx:hr>147</gpxtpx:hr>
          </gpxtpx:TrackPointExtension>
        </extensions>
      </trkpt>
      <trkpt lat="30.28973121815289" lon="120.21919768057603">
        <ele>15.800000190734863</ele>
        <time>2026-10-08T11:38:07Z</time>
        <extensions>
          <gpxtpx:TrackPointExtension>
            <gpxtpx:hr>147</gpxtpx:hr>
          </gpxtpx:TrackPointExtension>
        </extensions>
      </trkpt>
      <trkpt lat="30.289828156083335" lon="120.2191425701019">
        <ele>15.600000381469727</ele>
        <time>2026-10-08T11:38:11Z</time>
        <extensions>
          <gpxtpx:TrackPointExtension>
            <gpxtpx:hr>148</gpxtpx:hr>
          </gpxtpx:TrackPointExtension>
        </extensions>
      </trkpt>
      <trkpt lat="30.289935147504604" lon="120.21914556688131">
        <ele>15.399999618530273</ele>
        <time>2026-10-08T11:38:15Z</time>
        <extensions>
          <gpxtpx:TrackPointExtension>
            <gpxtpx:hr>147</gpxtpx:hr>
          </gpxtpx:TrackPointExtension>
        </extensions>
      </trkpt>
      <trkpt lat="30.29001621408269" lon="120.2192257092293">
        <ele>15.600000381469727</ele>
        <time>2026-10-08T11:38:19Z</time>
        <extensions>
          <gpxtpx:TrackPointExtension>
            <gpxtpx:hr>147</gpxtpx:hr>
          </gpxtpx:TrackPointExtension>
        </extensions>
      </trkpt>
      <trkpt lat="30.29005031259839" lon="120.2193349090677">
        <ele>15.600000381469727</ele>
        <time>2026-10-08T11:38:23Z</time>
        <extensions>
          <gpxtpx:TrackPointExtension>
            <gpxtpx:hr>148</gpxtpx:hr>
          </gpxtpx:TrackPointExtension>
        </extensions>
      </trkpt>
      <trkpt lat="30.290080424189096" lon="120.21945813470668">
        <ele>15.600000381469727</ele>
        <time>2026-10-08T11:38:27Z</time>
        <extensions>
          <gpxtpx:TrackPointExtension>
            <gpxtpx:hr>146</gpxtpx:hr>
          </gpxtpx:TrackPointExtension>
        </extensions>
      </trkpt>
      <trkpt lat="30.290120523083743" lon="120.21956933676076">
        <ele>15.600000381469727</ele>
        <time>2026-10-08T11:38:31Z</time>
        <extensions>
          <gpxtpx:TrackPointExtension>
            <gpxtpx:hr>146</gpxtpx:hr>
          </gpxtpx:TrackPointExtension>
        </extensions>
      </trkpt>
      <trkpt lat="30.290157620966415" lon="120.21967953673719">
        <ele>15.800000190734863</ele>
        <time>2026-10-08T11:38:35Z</time>
        <extensions>
          <gpxtpx:TrackPointExtension>
            <gpxtpx:hr>146</gpxtpx:hr>
          </gpxtpx:TrackPointExtension>
        </extensions>
      </trkpt>
      <trkpt lat="30.290197719047505" lon="120.21979073783254">
        <ele>15.600000381469727</ele>
        <time>2026-10-08T11:38:39Z</time>
        <extensions>
          <gpxtpx:TrackPointExtension>
            <gpxtpx:hr>147</gpxtpx:hr>
          </gpxtpx:TrackPointExtension>
        </extensions>
      </trkpt>
      <trkpt lat="30.290249809936935" lon="120.21989592644752">
        <ele>15.600000381469727</ele>
        <time>2026-10-08T11:38:43Z</time>
        <extensions>
          <gpxtpx:TrackPointExtension>
            <gpxtpx:hr>146</gpxtpx:hr>
          </gpxtpx:TrackPointExtension>
        </extensions>
      </trkpt>
      <trkpt lat="30.290298897125847" lon="120.21999710755335">
        <ele>15.399999618530273</ele>
        <time>2026-10-08T11:38:47Z</time>
        <extensions>
          <gpxtpx:TrackPointExtension>
            <gpxtpx:hr>145</gpxtpx:hr>
          </gpxtpx:TrackPointExtension>
        </extensions>
      </trkpt>
      <trkpt lat="30.290349987400365" lon="120.22010229540243">
        <ele>15.600000381469727</ele>
        <time>2026-10-08T11:38:51Z</time>
        <extensions>
          <gpxtpx:TrackPointExtension>
            <gpxtpx:hr>145</gpxtpx:hr>
          </gpxtpx:TrackPointExtension>
        </extensions>
      </trkpt>
      <trkpt lat="30.290412083380232" lon="120.22021549649409">
        <ele>15.600000381469727</ele>
        <time>2026-10-08T11:38:55Z</time>
        <extensions>
          <gpxtpx:TrackPointExtension>
            <gpxtpx:hr>147</gpxtpx:hr>
          </gpxtpx:TrackPointExtension>
        </extensions>
      </trkpt>
      <trkpt lat="30.290479167565657" lon="120.22031667485189">
        <ele>15.399999618530273</ele>
        <time>2026-10-08T11:38:59Z</time>
        <extensions>
          <gpxtpx:TrackPointExtension>
            <gpxtpx:hr>148</gpxtpx:hr>
          </gpxtpx:TrackPointExtension>
        </extensions>
      </trkpt>
      <trkpt lat="30.290554245153846" lon="120.2204118412611">
        <ele>15.199999809265137</ele>
        <time>2026-10-08T11:39:03Z</time>
        <extensions>
          <gpxtpx:TrackPointExtension>
            <gpxtpx:hr>148</gpxtpx:hr>
          </gpxtpx:TrackPointExtension>
        </extensions>
      </trkpt>
      <trkpt lat="30.290614328525674" lon="120.22051201760479">
        <ele>15.199999809265137</ele>
        <time>2026-10-08T11:39:07Z</time>
        <extensions>
          <gpxtpx:TrackPointExtension>
            <gpxtpx:hr>149</gpxtpx:hr>
          </gpxtpx:TrackPointExtension>
        </extensions>
      </trkpt>
      <trkpt lat="30.29066241820404" lon="120.22061820538298">
        <ele>15.0</ele>
        <time>2026-10-08T11:39:11Z</time>
        <extensions>
          <gpxtpx:TrackPointExtension>
            <gpxtpx:hr>149</gpxtpx:hr>
          </gpxtpx:TrackPointExtension>
        </extensions>
      </trkpt>
      <trkpt lat="30.290713512518153" lon="120.22073040328458">
        <ele>15.0</ele>
        <time>2026-10-08T11:39:15Z</time>
        <extensions>
          <gpxtpx:TrackPointExtension>
            <gpxtpx:hr>148</gpxtpx:hr>
          </gpxtpx:TrackPointExtension>
        </extensions>
      </trkpt>
      <trkpt lat="30.29076459932718" lon="120.22083458630617">
        <ele>15.0</ele>
        <time>2026-10-08T11:39:19Z</time>
        <extensions>
          <gpxtpx:TrackPointExtension>
            <gpxtpx:hr>150</gpxtpx:hr>
          </gpxtpx:TrackPointExtension>
        </extensions>
      </trkpt>
      <trkpt lat="30.290848665466203" lon="120.22091973208863">
        <ele>14.800000190734863</ele>
        <time>2026-10-08T11:39:23Z</time>
        <extensions>
          <gpxtpx:TrackPointExtension>
            <gpxtpx:hr>149</gpxtpx:hr>
          </gpxtpx:TrackPointExtension>
        </extensions>
      </trkpt>
      <trkpt lat="30.290937729940886" lon="120.22100387538178">
        <ele>14.800000190734863</ele>
        <time>2026-10-08T11:39:27Z</time>
        <extensions>
          <gpxtpx:TrackPointExtension>
            <gpxtpx:hr>150</gpxtpx:hr>
          </gpxtpx:TrackPointExtension>
        </extensions>
      </trkpt>
      <trkpt lat="30.291034781908728" lon="120.22107499448761">
        <ele>14.800000190734863</ele>
        <time>2026-10-08T11:39:31Z</time>
        <extensions>
          <gpxtpx:TrackPointExtension>
            <gpxtpx:hr>150</gpxtpx:hr>
          </gpxtpx:TrackPointExtension>
        </extensions>
      </trkpt>
      <trkpt lat="30.291126832487414" lon="120.22114411023348">
        <ele>14.800000190734863</ele>
        <time>2026-10-08T11:39:35Z</time>
        <extensions>
          <gpxtpx:TrackPointExtension>
            <gpxtpx:hr>151</gpxtpx:hr>
          </gpxtpx:TrackPointExtension>
        </extensions>
      </trkpt>
      <trkpt lat="30.291216898820597" lon="120.22123125804536">
        <ele>14.600000381469727</ele>
        <time>2026-10-08T11:39:39Z</time>
        <extensions>
          <gpxtpx:TrackPointExtension>
            <gpxtpx:hr>151</gpxtpx:hr>
          </gpxtpx:TrackPointExtension>
        </extensions>
      </trkpt>
      <trkpt lat="30.291271987776863" lon="120.22134044756612">
        <ele>14.800000190734863</ele>
        <time>2026-10-08T11:39:43Z</time>
        <extensions>
          <gpxtpx:TrackPointExtension>
            <gpxtpx:hr>151</gpxtpx:hr>
          </gpxtpx:TrackPointExtension>
        </extensions>
      </trkpt>
      <trkpt lat="30.291237106764967" lon="120.22147368658291">
        <ele>14.800000190734863</ele>
        <time>2026-10-08T11:39:47Z</time>
        <extensions>
          <gpxtpx:TrackPointExtension>
            <gpxtpx:hr>150</gpxtpx:hr>
          </gpxtpx:TrackPointExtension>
        </extensions>
      </trkpt>
      <trkpt lat="30.291185206343915" lon="120.2215828838626">
        <ele>14.800000190734863</ele>
        <time>2026-10-08T11:39:51Z</time>
        <extensions>
          <gpxtpx:TrackPointExtension>
            <gpxtpx:hr>151</gpxtpx:hr>
          </gpxtpx:TrackPointExtension>
        </extensions>
      </trkpt>
      <trkpt lat="30.29112830777054" lon="120.22169408460768">
        <ele>14.800000190734863</ele>
        <time>2026-10-08T11:39:55Z</time>
        <extensions>
          <gpxtpx:TrackPointExtension>
            <gpxtpx:hr>151</gpxtpx:hr>
          </gpxtpx:TrackPointExtension>
        </extensions>
      </trkpt>
      <trkpt lat="30.291075413465066" lon="120.22181129508769">
        <ele>15.0</ele>
        <time>2026-10-08T11:39:59Z</time>
        <extensions>
          <gpxtpx:TrackPointExtension>
            <gpxtpx:hr>151</gpxtpx:hr>
          </gpxtpx:TrackPointExtension>
        </extensions>
      </trkpt>
      <trkpt lat="30.29100851765174" lon="120.2219255009083">
        <ele>15.0</ele>
        <time>2026-10-08T11:40:03Z</time>
        <extensions>
          <gpxtpx:TrackPointExtension>
            <gpxtpx:hr>151</gpxtpx:hr>
          </gpxtpx:TrackPointExtension>
        </extensions>
      </trkpt>
      <trkpt lat="30.29094762244024" lon="120.22204170921455">
        <ele>14.800000190734863</ele>
        <time>2026-10-08T11:40:07Z</time>
        <extensions>
          <gpxtpx:TrackPointExtension>
            <gpxtpx:hr>151</gpxtpx:hr>
          </gpxtpx:TrackPointExtension>
        </extensions>
      </trkpt>
      <trkpt lat="30.290889723924348" lon="120.2221549114975">
        <ele>14.800000190734863</ele>
        <time>2026-10-08T11:40:11Z</time>
        <extensions>
          <gpxtpx:TrackPointExtension>
            <gpxtpx:hr>150</gpxtpx:hr>
          </gpxtpx:TrackPointExtension>
        </extensions>
      </trkpt>
      <trkpt lat="30.290828825294067" lon="120.22226811351466">
        <ele>15.0</ele>
        <time>2026-10-08T11:40:15Z</time>
        <extensions>
          <gpxtpx:TrackPointExtension>
            <gpxtpx:hr>150</gpxtpx:hr>
          </gpxtpx:TrackPointExtension>
        </extensions>
      </trkpt>
      <trkpt lat="30.29076692550062" lon="120.22238031336424">
        <ele>15.399999618530273</ele>
        <time>2026-10-08T11:40:19Z</time>
        <extensions>
          <gpxtpx:TrackPointExtension>
            <gpxtpx:hr>152</gpxtpx:hr>
          </gpxtpx:TrackPointExtension>
        </extensions>
      </trkpt>
      <trkpt lat="30.290714020164028" lon="120.22248750330743">
        <ele>15.199999809265137</ele>
        <time>2026-10-08T11:40:23Z</time>
        <extensions>
          <gpxtpx:TrackPointExtension>
            <gpxtpx:hr>152</gpxtpx:hr>
          </gpxtpx:TrackPointExtension>
        </extensions>
      </trkpt>
      <trkpt lat="30.29066011536843" lon="120.22259569459965">
        <ele>15.199999809265137</ele>
        <time>2026-10-08T11:40:27Z</time>
        <extensions>
          <gpxtpx:TrackPointExtension>
            <gpxtpx:hr>152</gpxtpx:hr>
          </gpxtpx:TrackPointExtension>
        </extensions>
      </trkpt>
      <trkpt lat="30.290602197438364" lon="120.222687858169">
        <ele>15.0</ele>
        <time>2026-10-08T11:40:31Z</time>
        <extensions>
          <gpxtpx:TrackPointExtension>
            <gpxtpx:hr>149</gpxtpx:hr>
          </gpxtpx:TrackPointExtension>
        </extensions>
      </trkpt>
      <trkpt lat="30.290543285881206" lon="120.22278803524142">
        <ele>15.199999809265137</ele>
        <time>2026-10-08T11:40:35Z</time>
        <extensions>
          <gpxtpx:TrackPointExtension>
            <gpxtpx:hr>149</gpxtpx:hr>
          </gpxtpx:TrackPointExtension>
        </extensions>
      </trkpt>
      <trkpt lat="30.290485377136804" lon="120.22289221869156">
        <ele>15.199999809265137</ele>
        <time>2026-10-08T11:40:39Z</time>
        <extensions>
          <gpxtpx:TrackPointExtension>
            <gpxtpx:hr>150</gpxtpx:hr>
          </gpxtpx:TrackPointExtension>
        </extensions>
      </trkpt>
      <trkpt lat="30.29042546498386" lon="120.22299239502163">
        <ele>15.399999618530273</ele>
        <time>2026-10-08T11:40:43Z</time>
        <extensions>
          <gpxtpx:TrackPointExtension>
            <gpxtpx:hr>151</gpxtpx:hr>
          </gpxtpx:TrackPointExtension>
        </extensions>
      </trkpt>
      <trkpt lat="30.2903625592785" lon="120.22310058485525">
        <ele>15.399999618530273</ele>
        <time>2026-10-08T11:40:47Z</time>
        <extensions>
          <gpxtpx:TrackPointExtension>
            <gpxtpx:hr>151</gpxtpx:hr>
          </gpxtpx:TrackPointExtension>
        </extensions>
      </trkpt>
      <trkpt lat="30.29030365113238" lon="120.22320677048062">
        <ele>15.399999618530273</ele>
        <time>2026-10-08T11:40:51Z</time>
        <extensions>
          <gpxtpx:TrackPointExtension>
            <gpxtpx:hr>151</gpxtpx:hr>
          </gpxtpx:TrackPointExtension>
        </extensions>
      </trkpt>
      <trkpt lat="30.290291733567045" lon="120.22330794328695">
        <ele>15.600000381469727</ele>
        <time>2026-10-08T11:40:55Z</time>
        <extensions>
          <gpxtpx:TrackPointExtension>
            <gpxtpx:hr>150</gpxtpx:hr>
          </gpxtpx:TrackPointExtension>
        </extensions>
      </trkpt>
      <trkpt lat="30.290312816912998" lon="120.22341512313281">
        <ele>15.800000190734863</ele>
        <time>2026-10-08T11:40:59Z</time>
        <extensions>
          <gpxtpx:TrackPointExtension>
            <gpxtpx:hr>149</gpxtpx:hr>
          </gpxtpx:TrackPointExtension>
        </extensions>
      </trkpt>
      <trkpt lat="30.290381854969475" lon="120.2234722139908">
        <ele>16.0</ele>
        <time>2026-10-08T11:41:03Z</time>
        <extensions>
          <gpxtpx:TrackPointExtension>
            <gpxtpx:hr>149</gpxtpx:hr>
          </gpxtpx:TrackPointExtension>
        </extensions>
      </trkpt>
      <trkpt lat="30.290472888173724" lon="120.22352629783566">
        <ele>16.0</ele>
        <time>2026-10-08T11:41:07Z</time>
        <extensions>
          <gpxtpx:TrackPointExtension>
            <gpxtpx:hr>148</gpxtpx:hr>
          </gpxtpx:TrackPointExtension>
        </extensions>
      </trkpt>
      <trkpt lat="30.290569924590375" lon="120.22358538950816">
        <ele>15.800000190734863</ele>
        <time>2026-10-08T11:41:11Z</time>
        <extensions>
          <gpxtpx:TrackPointExtension>
            <gpxtpx:hr>147</gpxtpx:hr>
          </gpxtpx:TrackPointExtension>
        </extensions>
      </trkpt>
      <trkpt lat="30.290666956138292" lon="120.22363847092562">
        <ele>15.800000190734863</ele>
        <time>2026-10-08T11:41:15Z</time>
        <extensions>
          <gpxtpx:TrackPointExtension>
            <gpxtpx:hr>146</gpxtpx:hr>
          </gpxtpx:TrackPointExtension>
        </extensions>
      </trkpt>
      <trkpt lat="30.29076099815257" lon="120.22370457435863">
        <ele>15.800000190734863</ele>
        <time>2026-10-08T11:41:19Z</time>
        <extensions>
          <gpxtpx:TrackPointExtension>
            <gpxtpx:hr>147</gpxtpx:hr>
          </gpxtpx:TrackPointExtension>
        </extensions>
      </trkpt>
      <trkpt lat="30.290855037652314" lon="120.2237676725732">
        <ele>15.399999618530273</ele>
        <time>2026-10-08T11:41:23Z</time>
        <extensions>
          <gpxtpx:TrackPointExtension>
            <gpxtpx:hr>147</gpxtpx:hr>
          </gpxtpx:TrackPointExtension>
        </extensions>
      </trkpt>
      <trkpt lat="30.290956073121425" lon="120.22382676333817">
        <ele>15.399999618530273</ele>
        <time>2026-10-08T11:41:27Z</time>
        <extensions>
          <gpxtpx:TrackPointExtension>
            <gpxtpx:hr>148</gpxtpx:hr>
          </gpxtpx:TrackPointExtension>
        </extensions>
      </trkpt>
      <trkpt lat="30.29105209805032" lon="120.22387183090959">
        <ele>15.600000381469727</ele>
        <time>2026-10-08T11:41:31Z</time>
        <extensions>
          <gpxtpx:TrackPointExtension>
            <gpxtpx:hr>148</gpxtpx:hr>
          </gpxtpx:TrackPointExtension>
        </extensions>
      </trkpt>
      <trkpt lat="30.291146124678942" lon="120.22391890191182">
        <ele>15.399999618530273</ele>
        <time>2026-10-08T11:41:35Z</time>
        <extensions>
          <gpxtpx:TrackPointExtension>
            <gpxtpx:hr>147</gpxtpx:hr>
          </gpxtpx:TrackPointExtension>
        </extensions>
      </trkpt>
      <trkpt lat="30.291241167470766" lon="120.2239870078531">
        <ele>15.600000381469727</ele>
        <time>2026-10-08T11:41:39Z</time>
        <extensions>
          <gpxtpx:TrackPointExtension>
            <gpxtpx:hr>147</gpxtpx:hr>
          </gpxtpx:TrackPointExtension>
        </extensions>
      </trkpt>
      <trkpt lat="30.291343206237816" lon="120.22405110635431">
        <ele>15.600000381469727</ele>
        <time>2026-10-08T11:41:43Z</time>
        <extensions>
          <gpxtpx:TrackPointExtension>
            <gpxtpx:hr>149</gpxtpx:hr>
          </gpxtpx:TrackPointExtension>
        </extensions>
      </trkpt>
      <trkpt lat="30.291445240210958" lon="120.22410919468973">
        <ele>16.0</ele>
        <time>2026-10-08T11:41:47Z</time>
        <extensions>
          <gpxtpx:TrackPointExtension>
            <gpxtpx:hr>152</gpxtpx:hr>
          </gpxtpx:TrackPointExtension>
        </extensions>
      </trkpt>
      <trkpt lat="30.291524294290273" lon="120.22419032304606">
        <ele>16.0</ele>
        <time>2026-10-08T11:41:51Z</time>
        <extensions>
          <gpxtpx:TrackPointExtension>
            <gpxtpx:hr>153</gpxtpx:hr>
          </gpxtpx:TrackPointExtension>
        </extensions>
      </trkpt>
      <trkpt lat="30.291502401247218" lon="120.22432655067992">
        <ele>16.0</ele>
        <time>2026-10-08T11:41:55Z</time>
        <extensions>
          <gpxtpx:TrackPointExtension>
            <gpxtpx:hr>155</gpxtpx:hr>
          </gpxtpx:TrackPointExtension>
        </extensions>
      </trkpt>
      <trkpt lat="30.291466509833302" lon="120.22446378036027">
        <ele>16.0</ele>
        <time>2026-10-08T11:41:59Z</time>
        <extensions>
          <gpxtpx:TrackPointExtension>
            <gpxtpx:hr>154</gpxtpx:hr>
          </gpxtpx:TrackPointExtension>
        </extensions>
      </trkpt>
      <trkpt lat="30.29143660803224" lon="120.22458898901681">
        <ele>15.800000190734863</ele>
        <time>2026-10-08T11:42:03Z</time>
        <extensions>
          <gpxtpx:TrackPointExtension>
            <gpxtpx:hr>152</gpxtpx:hr>
          </gpxtpx:TrackPointExtension>
        </extensions>
      </trkpt>
      <trkpt lat="30.291411703642403" lon="120.22471219333674">
        <ele>15.600000381469727</ele>
        <time>2026-10-08T11:42:07Z</time>
        <extensions>
          <gpxtpx:TrackPointExtension>
            <gpxtpx:hr>152</gpxtpx:hr>
          </gpxtpx:TrackPointExtension>
        </extensions>
      </trkpt>
      <trkpt lat="30.291338782909275" lon="120.224807355137">
        <ele>15.199999809265137</ele>
        <time>2026-10-08T11:42:11Z</time>
        <extensions>
          <gpxtpx:TrackPointExtension>
            <gpxtpx:hr>153</gpxtpx:hr>
          </gpxtpx:TrackPointExtension>
        </extensions>
      </trkpt>
      <trkpt lat="30.29123580599072" lon="120.22482338981429">
        <ele>15.199999809265137</ele>
        <time>2026-10-08T11:42:15Z</time>
        <extensions>
          <gpxtpx:TrackPointExtension>
            <gpxtpx:hr>152</gpxtpx:hr>
          </gpxtpx:TrackPointExtension>
        </extensions>
      </trkpt>
      <trkpt lat="30.29112180850627" lon="120.22481037790557">
        <ele>15.199999809265137</ele>
        <time>2026-10-08T11:42:19Z</time>
        <extensions>
          <gpxtpx:TrackPointExtension>
            <gpxtpx:hr>153</gpxtpx:hr>
          </gpxtpx:TrackPointExtension>
        </extensions>
      </trkpt>
      <trkpt lat="30.29101182182739" lon="120.22481239023199">
        <ele>15.199999809265137</ele>
        <time>2026-10-08T11:42:23Z</time>
        <extensions>
          <gpxtpx:TrackPointExtension>
            <gpxtpx:hr>149</gpxtpx:hr>
          </gpxtpx:TrackPointExtension>
        </extensions>
      </trkpt>
      <trkpt lat="30.29089283460578" lon="120.22481240002324">
        <ele>15.199999809265137</ele>
        <time>2026-10-08T11:42:27Z</time>
        <extensions>
          <gpxtpx:TrackPointExtension>
            <gpxtpx:hr>150</gpxtpx:hr>
          </gpxtpx:TrackPointExtension>
        </extensions>
      </trkpt>
      <trkpt lat="30.290782851656026" lon="120.22481942053729">
        <ele>15.199999809265137</ele>
        <time>2026-10-08T11:42:31Z</time>
        <extensions>
          <gpxtpx:TrackPointExtension>
            <gpxtpx:hr>151</gpxtpx:hr>
          </gpxtpx:TrackPointExtension>
        </extensions>
      </trkpt>
      <trkpt lat="30.290677876399947" lon="120.22483745864444">
        <ele>15.199999809265137</ele>
        <time>2026-10-08T11:42:35Z</time>
        <extensions>
          <gpxtpx:TrackPointExtension>
            <gpxtpx:hr>151</gpxtpx:hr>
          </gpxtpx:TrackPointExtension>
        </extensions>
      </trkpt>
      <trkpt lat="30.290571899734708" lon="120.22485349354841">
        <ele>15.0</ele>
        <time>2026-10-08T11:42:39Z</time>
        <extensions>
          <gpxtpx:TrackPointExtension>
            <gpxtpx:hr>150</gpxtpx:hr>
          </gpxtpx:TrackPointExtension>
        </extensions>
      </trkpt>
      <trkpt lat="30.290472914823066" lon="120.22485951150958">
        <ele>15.0</ele>
        <time>2026-10-08T11:42:43Z</time>
        <extensions>
          <gpxtpx:TrackPointExtension>
            <gpxtpx:hr>148</gpxtpx:hr>
          </gpxtpx:TrackPointExtension>
        </extensions>
      </trkpt>
      <trkpt lat="30.290377925734788" lon="120.22486052096171">
        <ele>15.0</ele>
        <time>2026-10-08T11:42:47Z</time>
        <extensions>
          <gpxtpx:TrackPointExtension>
            <gpxtpx:hr>148</gpxtpx:hr>
          </gpxtpx:TrackPointExtension>
        </extensions>
      </trkpt>
      <trkpt lat="30.290266918138343" lon="120.22483448755017">
        <ele>15.0</ele>
        <time>2026-10-08T11:42:51Z</time>
        <extensions>
          <gpxtpx:TrackPointExtension>
            <gpxtpx:hr>149</gpxtpx:hr>
          </gpxtpx:TrackPointExtension>
        </extensions>
      </trkpt>
      <trkpt lat="30.290146907719958" lon="120.22480344666123">
        <ele>15.0</ele>
        <time>2026-10-08T11:42:55Z</time>
        <extensions>
          <gpxtpx:TrackPointExtension>
            <gpxtpx:hr>149</gpxtpx:hr>
          </gpxtpx:TrackPointExtension>
        </extensions>
      </trkpt>
      <trkpt lat="30.290015892420108" lon="120.22476439352138">
        <ele>15.0</ele>
        <time>2026-10-08T11:42:59Z</time>
        <extensions>
          <gpxtpx:TrackPointExtension>
            <gpxtpx:hr>149</gpxtpx:hr>
          </gpxtpx:TrackPointExtension>
        </extensions>
      </trkpt>
      <trkpt lat="30.289911883960386" lon="120.22473835943144">
        <ele>15.199999809265137</ele>
        <time>2026-10-08T11:43:03Z</time>
        <extensions>
          <gpxtpx:TrackPointExtension>
            <gpxtpx:hr>148</gpxtpx:hr>
          </gpxtpx:TrackPointExtension>
        </extensions>
      </trkpt>
      <trkpt lat="30.28981188934904" lon="120.2247313561726">
        <ele>15.0</ele>
        <time>2026-10-08T11:43:07Z</time>
        <extensions>
          <gpxtpx:TrackPointExtension>
            <gpxtpx:hr>145</gpxtpx:hr>
          </gpxtpx:TrackPointExtension>
        </extensions>
      </trkpt>
      <trkpt lat="30.289688904703528" lon="120.22473437121573">
        <ele>15.0</ele>
        <time>2026-10-08T11:43:11Z</time>
        <extensions>
          <gpxtpx:TrackPointExtension>
            <gpxtpx:hr>148</gpxtpx:hr>
          </gpxtpx:TrackPointExtension>
        </extensions>
      </trkpt>
      <trkpt lat="30.289578923929927" lon="120.22474439667366">
        <ele>15.199999809265137</ele>
        <time>2026-10-08T11:43:15Z</time>
        <extensions>
          <gpxtpx:TrackPointExtension>
            <gpxtpx:hr>147</gpxtpx:hr>
          </gpxtpx:TrackPointExtension>
        </extensions>
      </trkpt>
      <trkpt lat="30.2894679424982" lon="120.2247534205695">
        <ele>15.0</ele>
        <time>2026-10-08T11:43:19Z</time>
        <extensions>
          <gpxtpx:TrackPointExtension>
            <gpxtpx:hr>147</gpxtpx:hr>
          </gpxtpx:TrackPointExtension>
        </extensions>
      </trkpt>
      <trkpt lat="30.289358950317023" lon="120.22474842133619">
        <ele>15.0</ele>
        <time>2026-10-08T11:43:23Z</time>
        <extensions>
          <gpxtpx:TrackPointExtension>
            <gpxtpx:hr>147</gpxtpx:hr>
          </gpxtpx:TrackPointExtension>
        </extensions>
      </trkpt>
      <trkpt lat="30.28926295599445" lon="120.22474241939165">
        <ele>15.0</ele>
        <time>2026-10-08T11:43:27Z</time>
        <extensions>
          <gpxtpx:TrackPointExtension>
            <gpxtpx:hr>149</gpxtpx:hr>
          </gpxtpx:TrackPointExtension>
        </extensions>
      </trkpt>
      <trkpt lat="30.28915897379484" lon="120.22475144271218">
        <ele>15.0</ele>
        <time>2026-10-08T11:43:31Z</time>
        <extensions>
          <gpxtpx:TrackPointExtension>
            <gpxtpx:hr>146</gpxtpx:hr>
          </gpxtpx:TrackPointExtension>
        </extensions>
      </trkpt>
      <trkpt lat="30.289051985888154" lon="120.2247524531558">
        <ele>15.0</ele>
        <time>2026-10-08T11:43:35Z</time>
        <extensions>
          <gpxtpx:TrackPointExtension>
            <gpxtpx:hr>147</gpxtpx:hr>
          </gpxtpx:TrackPointExtension>
        </extensions>
      </trkpt>
      <trkpt lat="30.288937001075244" lon="120.22475646917785">
        <ele>15.0</ele>
        <time>2026-10-08T11:43:39Z</time>
        <extensions>
          <gpxtpx:TrackPointExtension>
            <gpxtpx:hr>148</gpxtpx:hr>
          </gpxtpx:TrackPointExtension>
        </extensions>
      </trkpt>
      <trkpt lat="30.28881399378135" lon="120.22472943500154">
        <ele>15.199999809265137</ele>
        <time>2026-10-08T11:43:43Z</time>
        <extensions>
          <gpxtpx:TrackPointExtension>
            <gpxtpx:hr>147</gpxtpx:hr>
          </gpxtpx:TrackPointExtension>
        </extensions>
      </trkpt>
      <trkpt lat="30.288729933268925" lon="120.22463729075322">
        <ele>15.0</ele>
        <time>2026-10-08T11:43:47Z</time>
        <extensions>
          <gpxtpx:TrackPointExtension>
            <gpxtpx:hr>147</gpxtpx:hr>
          </gpxtpx:TrackPointExtension>
        </extensions>
      </trkpt>
      <trkpt lat="30.28867585105894" lon="120.22452110410858">
        <ele>15.0</ele>
        <time>2026-10-08T11:43:51Z</time>
        <extensions>
          <gpxtpx:TrackPointExtension>
            <gpxtpx:hr>146</gpxtpx:hr>
          </gpxtpx:TrackPointExtension>
        </extensions>
      </trkpt>
      <trkpt lat="30.288630771248037" lon="120.22440992444331">
        <ele>15.199999809265137</ele>
        <time>2026-10-08T11:43:55Z</time>
        <extensions>
          <gpxtpx:TrackPointExtension>
            <gpxtpx:hr>143</gpxtpx:hr>
          </gpxtpx:TrackPointExtension>
        </extensions>
      </trkpt>
      <trkpt lat="30.288596693684116" lon="120.22430375166154">
        <ele>15.0</ele>
        <time>2026-10-08T11:43:59Z</time>
        <extensions>
          <gpxtpx:TrackPointExtension>
            <gpxtpx:hr>137</gpxtpx:hr>
          </gpxtpx:TrackPointExtension>
        </extensions>
      </trkpt>
      <trkpt lat="30.288558615381056" lon="120.224196577086">
        <ele>15.199999809265137</ele>
        <time>2026-10-08T11:44:03Z</time>
        <extensions>
          <gpxtpx:TrackPointExtension>
            <gpxtpx:hr>139</gpxtpx:hr>
          </gpxtpx:TrackPointExtension>
        </extensions>
      </trkpt>
      <trkpt lat="30.288515536433323" lon="120.22408840078629">
        <ele>15.199999809265137</ele>
        <time>2026-10-08T11:44:07Z</time>
        <extensions>
          <gpxtpx:TrackPointExtension>
            <gpxtpx:hr>142</gpxtpx:hr>
          </gpxtpx:TrackPointExtension>
        </extensions>
      </trkpt>
      <trkpt lat="30.288478454890193" lon="120.22397822017267">
        <ele>15.199999809265137</ele>
        <time>2026-10-08T11:44:11Z</time>
        <extensions>
          <gpxtpx:TrackPointExtension>
            <gpxtpx:hr>144</gpxtpx:hr>
          </gpxtpx:TrackPointExtension>
        </extensions>
      </trkpt>
      <trkpt lat="30.288431380241683" lon="120.22387605329754">
        <ele>15.199999809265137</ele>
        <time>2026-10-08T11:44:15Z</time>
        <extensions>
          <gpxtpx:TrackPointExtension>
            <gpxtpx:hr>146</gpxtpx:hr>
          </gpxtpx:TrackPointExtension>
        </extensions>
      </trkpt>
      <trkpt lat="30.28838530355525" lon="120.22377188255543">
        <ele>15.399999618530273</ele>
        <time>2026-10-08T11:44:19Z</time>
        <extensions>
          <gpxtpx:TrackPointExtension>
            <gpxtpx:hr>147</gpxtpx:hr>
          </gpxtpx:TrackPointExtension>
        </extensions>
      </trkpt>
      <trkpt lat="30.28833822581011" lon="120.22366670977046">
        <ele>15.399999618530273</ele>
        <time>2026-10-08T11:44:23Z</time>
        <extensions>
          <gpxtpx:TrackPointExtension>
            <gpxtpx:hr>147</gpxtpx:hr>
          </gpxtpx:TrackPointExtension>
        </extensions>
      </trkpt>
      <trkpt lat="30.28828914472163" lon="120.22355752994574">
        <ele>15.399999618530273</ele>
        <time>2026-10-08T11:44:27Z</time>
        <extensions>
          <gpxtpx:TrackPointExtension>
            <gpxtpx:hr>147</gpxtpx:hr>
          </gpxtpx:TrackPointExtension>
        </extensions>
      </trkpt>
      <trkpt lat="30.288244062800906" lon="120.2234483493088">
        <ele>15.399999618530273</ele>
        <time>2026-10-08T11:44:31Z</time>
        <extensions>
          <gpxtpx:TrackPointExtension>
            <gpxtpx:hr>148</gpxtpx:hr>
          </gpxtpx:TrackPointExtension>
        </extensions>
      </trkpt>
      <trkpt lat="30.2881979789739" lon="120.22333716487577">
        <ele>15.399999618530273</ele>
        <time>2026-10-08T11:44:35Z</time>
        <extensions>
          <gpxtpx:TrackPointExtension>
            <gpxtpx:hr>148</gpxtpx:hr>
          </gpxtpx:TrackPointExtension>
        </extensions>
      </trkpt>
      <trkpt lat="30.288152893812107" lon="120.22322497815804">
        <ele>15.600000381469727</ele>
        <time>2026-10-08T11:44:39Z</time>
        <extensions>
          <gpxtpx:TrackPointExtension>
            <gpxtpx:hr>146</gpxtpx:hr>
          </gpxtpx:TrackPointExtension>
        </extensions>
      </trkpt>
      <trkpt lat="30.288113808395188" lon="120.22311379214503">
        <ele>15.600000381469727</ele>
        <time>2026-10-08T11:44:43Z</time>
        <extensions>
          <gpxtpx:TrackPointExtension>
            <gpxtpx:hr>146</gpxtpx:hr>
          </gpxtpx:TrackPointExtension>
        </extensions>
      </trkpt>
      <trkpt lat="30.288064724419076" lon="120.22300360816747">
        <ele>15.600000381469727</ele>
        <time>2026-10-08T11:44:47Z</time>
        <extensions>
          <gpxtpx:TrackPointExtension>
            <gpxtpx:hr>145</gpxtpx:hr>
          </gpxtpx:TrackPointExtension>
        </extensions>
      </trkpt>
      <trkpt lat="30.288021636131596" lon="120.2228894163429">
        <ele>15.600000381469727</ele>
        <time>2026-10-08T11:44:51Z</time>
        <extensions>
          <gpxtpx:TrackPointExtension>
            <gpxtpx:hr>146</gpxtpx:hr>
          </gpxtpx:TrackPointExtension>
        </extensions>
      </trkpt>
      <trkpt lat="30.287986548196763" lon="120.22277722677589">
        <ele>15.600000381469727</ele>
        <time>2026-10-08T11:44:55Z</time>
        <extensions>
          <gpxtpx:TrackPointExtension>
            <gpxtpx:hr>146</gpxtpx:hr>
          </gpxtpx:TrackPointExtension>
        </extensions>
      </trkpt>
      <trkpt lat="30.287956456835275" lon="120.22266203111559">
        <ele>15.800000190734863</ele>
        <time>2026-10-08T11:44:59Z</time>
        <extensions>
          <gpxtpx:TrackPointExtension>
            <gpxtpx:hr>145</gpxtpx:hr>
          </gpxtpx:TrackPointExtension>
        </extensions>
      </trkpt>
      <trkpt lat="30.287922367097543" lon="120.22254883871076">
        <ele>15.800000190734863</ele>
        <time>2026-10-08T11:45:03Z</time>
        <extensions>
          <gpxtpx:TrackPointExtension>
            <gpxtpx:hr>146</gpxtpx:hr>
          </gpxtpx:TrackPointExtension>
        </extensions>
      </trkpt>
      <trkpt lat="30.287892282323174" lon="120.2224426576014">
        <ele>15.800000190734863</ele>
        <time>2026-10-08T11:45:07Z</time>
        <extensions>
          <gpxtpx:TrackPointExtension>
            <gpxtpx:hr>146</gpxtpx:hr>
          </gpxtpx:TrackPointExtension>
        </extensions>
      </trkpt>
      <trkpt lat="30.28786118808429" lon="120.22232545699879">
        <ele>15.800000190734863</ele>
        <time>2026-10-08T11:45:11Z</time>
        <extensions>
          <gpxtpx:TrackPointExtension>
            <gpxtpx:hr>147</gpxtpx:hr>
          </gpxtpx:TrackPointExtension>
        </extensions>
      </trkpt>
      <trkpt lat="30.28783107480168" lon="120.2221862173988">
        <ele>15.800000190734863</ele>
        <time>2026-10-08T11:45:15Z</time>
        <extensions>
          <gpxtpx:TrackPointExtension>
            <gpxtpx:hr>146</gpxtpx:hr>
          </gpxtpx:TrackPointExtension>
        </extensions>
      </trkpt>
      <trkpt lat="30.287811943650503" lon="120.22202794286291">
        <ele>15.800000190734863</ele>
        <time>2026-10-08T11:45:19Z</time>
        <extensions>
          <gpxtpx:TrackPointExtension>
            <gpxtpx:hr>145</gpxtpx:hr>
          </gpxtpx:TrackPointExtension>
        </extensions>
      </trkpt>
      <trkpt lat="30.28779386337917" lon="120.2219307743444">
        <ele>15.800000190734863</ele>
        <time>2026-10-08T11:45:23Z</time>
        <extensions>
          <gpxtpx:TrackPointExtension>
            <gpxtpx:hr>146</gpxtpx:hr>
          </gpxtpx:TrackPointExtension>
        </extensions>
      </trkpt>
      <trkpt lat="30.28775277242032" lon="120.22181858096188">
        <ele>15.600000381469727</ele>
        <time>2026-10-08T11:45:27Z</time>
        <extensions>
          <gpxtpx:TrackPointExtension>
            <gpxtpx:hr>146</gpxtpx:hr>
          </gpxtpx:TrackPointExtension>
        </extensions>
      </trkpt>
      <trkpt lat="30.287716676229078" lon="120.22170137784819">
        <ele>15.399999618530273</ele>
        <time>2026-10-08T11:45:31Z</time>
        <extensions>
          <gpxtpx:TrackPointExtension>
            <gpxtpx:hr>146</gpxtpx:hr>
          </gpxtpx:TrackPointExtension>
        </extensions>
      </trkpt>
      <trkpt lat="30.28768558163033" lon="120.22158717908093">
        <ele>15.399999618530273</ele>
        <time>2026-10-08T11:45:35Z</time>
        <extensions>
          <gpxtpx:TrackPointExtension>
            <gpxtpx:hr>146</gpxtpx:hr>
          </gpxtpx:TrackPointExtension>
        </extensions>
      </trkpt>
      <trkpt lat="30.287635489449176" lon="120.221473983132">
        <ele>15.399999618530273</ele>
        <time>2026-10-08T11:45:39Z</time>
        <extensions>
          <gpxtpx:TrackPointExtension>
            <gpxtpx:hr>145</gpxtpx:hr>
          </gpxtpx:TrackPointExtension>
        </extensions>
      </trkpt>
      <trkpt lat="30.287585396835386" lon="120.22136078667421">
        <ele>15.199999809265137</ele>
        <time>2026-10-08T11:45:43Z</time>
        <extensions>
          <gpxtpx:TrackPointExtension>
            <gpxtpx:hr>145</gpxtpx:hr>
          </gpxtpx:TrackPointExtension>
        </extensions>
      </trkpt>
      <trkpt lat="30.287527302884524" lon="120.2212455868032">
        <ele>15.199999809265137</ele>
        <time>2026-10-08T11:45:47Z</time>
        <extensions>
          <gpxtpx:TrackPointExtension>
            <gpxtpx:hr>146</gpxtpx:hr>
          </gpxtpx:TrackPointExtension>
        </extensions>
      </trkpt>
      <trkpt lat="30.28747820929431" lon="120.22113238923815">
        <ele>15.199999809265137</ele>
        <time>2026-10-08T11:45:51Z</time>
        <extensions>
          <gpxtpx:TrackPointExtension>
            <gpxtpx:hr>146</gpxtpx:hr>
          </gpxtpx:TrackPointExtension>
        </extensions>
      </trkpt>
      <trkpt lat="30.287442110393624" lon="120.2210151829322">
        <ele>15.0</ele>
        <time>2026-10-08T11:45:55Z</time>
        <extensions>
          <gpxtpx:TrackPointExtension>
            <gpxtpx:hr>146</gpxtpx:hr>
          </gpxtpx:TrackPointExtension>
        </extensions>
      </trkpt>
      <trkpt lat="30.28750499005754" lon="120.22088594638231">
        <ele>14.800000190734863</ele>
        <time>2026-10-08T11:45:59Z</time>
        <extensions>
          <gpxtpx:TrackPointExtension>
            <gpxtpx:hr>147</gpxtpx:hr>
          </gpxtpx:TrackPointExtension>
        </extensions>
      </trkpt>
      <trkpt lat="30.287610916108257" lon="120.22081481003411">
        <ele>14.800000190734863</ele>
        <time>2026-10-08T11:46:03Z</time>
        <extensions>
          <gpxtpx:TrackPointExtension>
            <gpxtpx:hr>146</gpxtpx:hr>
          </gpxtpx:TrackPointExtension>
        </extensions>
      </trkpt>
      <trkpt lat="30.28770585646127" lon="120.22075870141268">
        <ele>14.800000190734863</ele>
        <time>2026-10-08T11:46:07Z</time>
        <extensions>
          <gpxtpx:TrackPointExtension>
            <gpxtpx:hr>147</gpxtpx:hr>
          </gpxtpx:TrackPointExtension>
        </extensions>
      </trkpt>
      <trkpt lat="30.28780479628249" lon="120.22070259233757">
        <ele>14.800000190734863</ele>
        <time>2026-10-08T11:46:11Z</time>
        <extensions>
          <gpxtpx:TrackPointExtension>
            <gpxtpx:hr>147</gpxtpx:hr>
          </gpxtpx:TrackPointExtension>
        </extensions>
      </trkpt>
      <trkpt lat="30.287899736411838" lon="120.22064648346758">
        <ele>14.800000190734863</ele>
        <time>2026-10-08T11:46:15Z</time>
        <extensions>
          <gpxtpx:TrackPointExtension>
            <gpxtpx:hr>146</gpxtpx:hr>
          </gpxtpx:TrackPointExtension>
        </extensions>
      </trkpt>
      <trkpt lat="30.287992675746185" lon="120.22058937283033">
        <ele>14.800000190734863</ele>
        <time>2026-10-08T11:46:19Z</time>
        <extensions>
          <gpxtpx:TrackPointExtension>
            <gpxtpx:hr>147</gpxtpx:hr>
          </gpxtpx:TrackPointExtension>
        </extensions>
      </trkpt>
      <trkpt lat="30.288090618917153" lon="120.22053727070254">
        <ele>15.0</ele>
        <time>2026-10-08T11:46:23Z</time>
        <extensions>
          <gpxtpx:TrackPointExtension>
            <gpxtpx:hr>146</gpxtpx:hr>
          </gpxtpx:TrackPointExtension>
        </extensions>
      </trkpt>
      <trkpt lat="30.28818154926579" lon="120.22047014186126">
        <ele>15.0</ele>
        <time>2026-10-08T11:46:27Z</time>
        <extensions>
          <gpxtpx:TrackPointExtension>
            <gpxtpx:hr>145</gpxtpx:hr>
          </gpxtpx:TrackPointExtension>
        </extensions>
      </trkpt>
      <trkpt lat="30.288275480042238" lon="120.22040401441073">
        <ele>14.800000190734863</ele>
        <time>2026-10-08T11:46:31Z</time>
        <extensions>
          <gpxtpx:TrackPointExtension>
            <gpxtpx:hr>146</gpxtpx:hr>
          </gpxtpx:TrackPointExtension>
        </extensions>
      </trkpt>
      <trkpt lat="30.28836542100985" lon="120.22034890710988">
        <ele>15.0</ele>
        <time>2026-10-08T11:46:35Z</time>
        <extensions>
          <gpxtpx:TrackPointExtension>
            <gpxtpx:hr>148</gpxtpx:hr>
          </gpxtpx:TrackPointExtension>
        </extensions>
      </trkpt>
      <trkpt lat="30.288460356824704" lon="120.22028879018026">
        <ele>15.0</ele>
        <time>2026-10-08T11:46:39Z</time>
        <extensions>
          <gpxtpx:TrackPointExtension>
            <gpxtpx:hr>146</gpxtpx:hr>
          </gpxtpx:TrackPointExtension>
        </extensions>
      </trkpt>
      <trkpt lat="30.288547288828354" lon="120.22022366465698">
        <ele>14.800000190734863</ele>
        <time>2026-10-08T11:46:43Z</time>
        <extensions>
          <gpxtpx:TrackPointExtension>
            <gpxtpx:hr>145</gpxtpx:hr>
          </gpxtpx:TrackPointExtension>
        </extensions>
      </trkpt>
      <trkpt lat="30.288637223092874" lon="120.22016154419426">
        <ele>14.800000190734863</ele>
        <time>2026-10-08T11:46:47Z</time>
        <extensions>
          <gpxtpx:TrackPointExtension>
            <gpxtpx:hr>144</gpxtpx:hr>
          </gpxtpx:TrackPointExtension>
        </extensions>
      </trkpt>
      <trkpt lat="30.288728158937765" lon="120.22010142715186">
        <ele>14.800000190734863</ele>
        <time>2026-10-08T11:46:51Z</time>
        <extensions>
          <gpxtpx:TrackPointExtension>
            <gpxtpx:hr>144</gpxtpx:hr>
          </gpxtpx:TrackPointExtension>
        </extensions>
      </trkpt>
      <trkpt lat="30.288816079465875" lon="120.22002427911025">
        <ele>14.800000190734863</ele>
        <time>2026-10-08T11:46:55Z</time>
        <extensions>
          <gpxtpx:TrackPointExtension>
            <gpxtpx:hr>144</gpxtpx:hr>
          </gpxtpx:TrackPointExtension>
        </extensions>
      </trkpt>
      <trkpt lat="30.28890599866447" lon="120.21994612883779">
        <ele>14.800000190734863</ele>
        <time>2026-10-08T11:46:59Z</time>
        <extensions>
          <gpxtpx:TrackPointExtension>
            <gpxtpx:hr>144</gpxtpx:hr>
          </gpxtpx:TrackPointExtension>
        </extensions>
      </trkpt>
      <trkpt lat="30.288999919066804" lon="120.21986998166915">
        <ele>15.0</ele>
        <time>2026-10-08T11:47:03Z</time>
        <extensions>
          <gpxtpx:TrackPointExtension>
            <gpxtpx:hr>144</gpxtpx:hr>
          </gpxtpx:TrackPointExtension>
        </extensions>
      </trkpt>
      <trkpt lat="30.28908983141213" lon="120.2197848180503">
        <ele>15.0</ele>
        <time>2026-10-08T11:47:07Z</time>
        <extensions>
          <gpxtpx:TrackPointExtension>
            <gpxtpx:hr>144</gpxtpx:hr>
          </gpxtpx:TrackPointExtension>
        </extensions>
      </trkpt>
      <trkpt lat="30.289169752880625" lon="120.21970867155471">
        <ele>15.0</ele>
        <time>2026-10-08T11:47:11Z</time>
        <extensions>
          <gpxtpx:TrackPointExtension>
            <gpxtpx:hr>144</gpxtpx:hr>
          </gpxtpx:TrackPointExtension>
        </extensions>
      </trkpt>
      <trkpt lat="30.28925268031248" lon="120.21963953750223">
        <ele>15.199999809265137</ele>
        <time>2026-10-08T11:47:15Z</time>
        <extensions>
          <gpxtpx:TrackPointExtension>
            <gpxtpx:hr>145</gpxtpx:hr>
          </gpxtpx:TrackPointExtension>
        </extensions>
      </trkpt>
      <trkpt lat="30.289337606441826" lon="120.21956940125087">
        <ele>15.0</ele>
        <time>2026-10-08T11:47:19Z</time>
        <extensions>
          <gpxtpx:TrackPointExtension>
            <gpxtpx:hr>146</gpxtpx:hr>
          </gpxtpx:TrackPointExtension>
        </extensions>
      </trkpt>
      <trkpt lat="30.289416531181356" lon="120.21949726160084">
        <ele>15.0</ele>
        <time>2026-10-08T11:47:23Z</time>
        <extensions>
          <gpxtpx:TrackPointExtension>
            <gpxtpx:hr>147</gpxtpx:hr>
          </gpxtpx:TrackPointExtension>
        </extensions>
      </trkpt>
      <trkpt lat="30.289503456759327" lon="120.21942712479608">
        <ele>15.0</ele>
        <time>2026-10-08T11:47:27Z</time>
        <extensions>
          <gpxtpx:TrackPointExtension>
            <gpxtpx:hr>148</gpxtpx:hr>
          </gpxtpx:TrackPointExtension>
        </extensions>
      </trkpt>
      <trkpt lat="30.289576361219634" lon="120.21933294439582">
        <ele>15.0</ele>
        <time>2026-10-08T11:47:31Z</time>
        <extensions>
          <gpxtpx:TrackPointExtension>
            <gpxtpx:hr>149</gpxtpx:hr>
          </gpxtpx:TrackPointExtension>
        </extensions>
      </trkpt>
      <trkpt lat="30.289658270057256" lon="120.21924477407305">
        <ele>15.0</ele>
        <time>2026-10-08T11:47:35Z</time>
        <extensions>
          <gpxtpx:TrackPointExtension>
            <gpxtpx:hr>149</gpxtpx:hr>
          </gpxtpx:TrackPointExtension>
        </extensions>
      </trkpt>
      <trkpt lat="30.289752195233266" lon="120.2191756378667">
        <ele>15.0</ele>
        <time>2026-10-08T11:47:39Z</time>
        <extensions>
          <gpxtpx:TrackPointExtension>
            <gpxtpx:hr>149</gpxtpx:hr>
          </gpxtpx:TrackPointExtension>
        </extensions>
      </trkpt>
      <trkpt lat="30.28986015455703" lon="120.2191445711948">
        <ele>14.600000381469727</ele>
        <time>2026-10-08T11:47:43Z</time>
        <extensions>
          <gpxtpx:TrackPointExtension>
            <gpxtpx:hr>150</gpxtpx:hr>
          </gpxtpx:TrackPointExtension>
        </extensions>
      </trkpt>
      <trkpt lat="30.289965192280572" lon="120.21919665943919">
        <ele>14.600000381469727</ele>
        <time>2026-10-08T11:47:47Z</time>
        <extensions>
          <gpxtpx:TrackPointExtension>
            <gpxtpx:hr>149</gpxtpx:hr>
          </gpxtpx:TrackPointExtension>
        </extensions>
      </trkpt>
      <trkpt lat="30.290018290747405" lon="120.21930786155164">
        <ele>14.600000381469727</ele>
        <time>2026-10-08T11:47:51Z</time>
        <extensions>
          <gpxtpx:TrackPointExtension>
            <gpxtpx:hr>149</gpxtpx:hr>
          </gpxtpx:TrackPointExtension>
        </extensions>
      </trkpt>
      <trkpt lat="30.29005339538913" lon="120.21942407393477">
        <ele>14.600000381469727</ele>
        <time>2026-10-08T11:47:55Z</time>
        <extensions>
          <gpxtpx:TrackPointExtension>
            <gpxtpx:hr>151</gpxtpx:hr>
          </gpxtpx:TrackPointExtension>
        </extensions>
      </trkpt>
      <trkpt lat="30.290105496842887" lon="120.21953928254403">
        <ele>14.600000381469727</ele>
        <time>2026-10-08T11:47:59Z</time>
        <extensions>
          <gpxtpx:TrackPointExtension>
            <gpxtpx:hr>151</gpxtpx:hr>
          </gpxtpx:TrackPointExtension>
        </extensions>
      </trkpt>
      <trkpt lat="30.290155597146455" lon="120.21965348895715">
        <ele>14.800000190734863</ele>
        <time>2026-10-08T11:48:03Z</time>
        <extensions>
          <gpxtpx:TrackPointExtension>
            <gpxtpx:hr>151</gpxtpx:hr>
          </gpxtpx:TrackPointExtension>
        </extensions>
      </trkpt>
      <trkpt lat="30.290202692733153" lon="120.21976268590842">
        <ele>14.800000190734863</ele>
        <time>2026-10-08T11:48:07Z</time>
        <extensions>
          <gpxtpx:TrackPointExtension>
            <gpxtpx:hr>151</gpxtpx:hr>
          </gpxtpx:TrackPointExtension>
        </extensions>
      </trkpt>
      <trkpt lat="30.290248788949075" lon="120.21987288431305">
        <ele>14.600000381469727</ele>
        <time>2026-10-08T11:48:11Z</time>
        <extensions>
          <gpxtpx:TrackPointExtension>
            <gpxtpx:hr>152</gpxtpx:hr>
          </gpxtpx:TrackPointExtension>
        </extensions>
      </trkpt>
      <trkpt lat="30.29029688363447" lon="120.21998208024712">
        <ele>14.800000190734863</ele>
        <time>2026-10-08T11:48:15Z</time>
        <extensions>
          <gpxtpx:TrackPointExtension>
            <gpxtpx:hr>152</gpxtpx:hr>
          </gpxtpx:TrackPointExtension>
        </extensions>
      </trkpt>
      <trkpt lat="30.290337979582375" lon="120.22009227811895">
        <ele>14.800000190734863</ele>
        <time>2026-10-08T11:48:19Z</time>
        <extensions>
          <gpxtpx:TrackPointExtension>
            <gpxtpx:hr>151</gpxtpx:hr>
          </gpxtpx:TrackPointExtension>
        </extensions>
      </trkpt>
      <trkpt lat="30.29038807597738" lon="120.2202044784203">
        <ele>14.800000190734863</ele>
        <time>2026-10-08T11:48:23Z</time>
        <extensions>
          <gpxtpx:TrackPointExtension>
            <gpxtpx:hr>152</gpxtpx:hr>
          </gpxtpx:TrackPointExtension>
        </extensions>
      </trkpt>
      <trkpt lat="30.290442157979026" lon="120.22030165061608">
        <ele>14.600000381469727</ele>
        <time>2026-10-08T11:48:27Z</time>
        <extensions>
          <gpxtpx:TrackPointExtension>
            <gpxtpx:hr>153</gpxtpx:hr>
          </gpxtpx:TrackPointExtension>
        </extensions>
      </trkpt>
      <trkpt lat="30.290519222797357" lon="120.22038279149707">
        <ele>14.600000381469727</ele>
        <time>2026-10-08T11:48:31Z</time>
        <extensions>
          <gpxtpx:TrackPointExtension>
            <gpxtpx:hr>152</gpxtpx:hr>
          </gpxtpx:TrackPointExtension>
        </extensions>
      </trkpt>
      <trkpt lat="30.29059430286635" lon="120.22048096309572">
        <ele>14.199999809265137</ele>
        <time>2026-10-08T11:48:35Z</time>
        <extensions>
          <gpxtpx:TrackPointExtension>
            <gpxtpx:hr>151</gpxtpx:hr>
          </gpxtpx:TrackPointExtension>
        </extensions>
      </trkpt>
      <trkpt lat="30.290663377888432" lon="120.22057312395962">
        <ele>14.199999809265137</ele>
        <time>2026-10-08T11:48:39Z</time>
        <extensions>
          <gpxtpx:TrackPointExtension>
            <gpxtpx:hr>151</gpxtpx:hr>
          </gpxtpx:TrackPointExtension>
        </extensions>
      </trkpt>
      <trkpt lat="30.290724460610285" lon="120.22067329958561">
        <ele>14.199999809265137</ele>
        <time>2026-10-08T11:48:43Z</time>
        <extensions>
          <gpxtpx:TrackPointExtension>
            <gpxtpx:hr>151</gpxtpx:hr>
          </gpxtpx:TrackPointExtension>
        </extensions>
      </trkpt>
      <trkpt lat="30.29077054726612" lon="120.22077648145307">
        <ele>14.199999809265137</ele>
        <time>2026-10-08T11:48:47Z</time>
        <extensions>
          <gpxtpx:TrackPointExtension>
            <gpxtpx:hr>152</gpxtpx:hr>
          </gpxtpx:TrackPointExtension>
        </extensions>
      </trkpt>
      <trkpt lat="30.290838618825074" lon="120.22086563593624">
        <ele>14.0</ele>
        <time>2026-10-08T11:48:51Z</time>
        <extensions>
          <gpxtpx:TrackPointExtension>
            <gpxtpx:hr>153</gpxtpx:hr>
          </gpxtpx:TrackPointExtension>
        </extensions>
      </trkpt>
      <trkpt lat="30.290905695510837" lon="120.22096080094775">
        <ele>14.0</ele>
        <time>2026-10-08T11:48:55Z</time>
        <extensions>
          <gpxtpx:TrackPointExtension>
            <gpxtpx:hr>152</gpxtpx:hr>
          </gpxtpx:TrackPointExtension>
        </extensions>
      </trkpt>
      <trkpt lat="30.290982765547042" lon="120.22104995404113">
        <ele>13.800000190734863</ele>
        <time>2026-10-08T11:48:59Z</time>
        <extensions>
          <gpxtpx:TrackPointExtension>
            <gpxtpx:hr>154</gpxtpx:hr>
          </gpxtpx:TrackPointExtension>
        </extensions>
      </trkpt>
      <trkpt lat="30.291068822087563" lon="120.22112508107006">
        <ele>13.800000190734863</ele>
        <time>2026-10-08T11:49:03Z</time>
        <extensions>
          <gpxtpx:TrackPointExtension>
            <gpxtpx:hr>152</gpxtpx:hr>
          </gpxtpx:TrackPointExtension>
        </extensions>
      </trkpt>
      <trkpt lat="30.291156883457464" lon="120.22120621841235">
        <ele>13.600000381469727</ele>
        <time>2026-10-08T11:49:07Z</time>
        <extensions>
          <gpxtpx:TrackPointExtension>
            <gpxtpx:hr>153</gpxtpx:hr>
          </gpxtpx:TrackPointExtension>
        </extensions>
      </trkpt>
      <trkpt lat="30.291245927950353" lon="120.2212683215805">
        <ele>13.600000381469727</ele>
        <time>2026-10-08T11:49:11Z</time>
        <extensions>
          <gpxtpx:TrackPointExtension>
            <gpxtpx:hr>152</gpxtpx:hr>
          </gpxtpx:TrackPointExtension>
        </extensions>
      </trkpt>
      <trkpt lat="30.291344975575257" lon="120.2213354326645">
        <ele>13.600000381469727</ele>
        <time>2026-10-08T11:49:15Z</time>
        <extensions>
          <gpxtpx:TrackPointExtension>
            <gpxtpx:hr>151</gpxtpx:hr>
          </gpxtpx:TrackPointExtension>
        </extensions>
      </trkpt>
      <trkpt lat="30.291436029968065" lon="120.22140955665715">
        <ele>13.800000190734863</ele>
        <time>2026-10-08T11:49:19Z</time>
        <extensions>
          <gpxtpx:TrackPointExtension>
            <gpxtpx:hr>150</gpxtpx:hr>
          </gpxtpx:TrackPointExtension>
        </extensions>
      </trkpt>
      <trkpt lat="30.291520084060917" lon="120.22148267923575">
        <ele>13.800000190734863</ele>
        <time>2026-10-08T11:49:23Z</time>
        <extensions>
          <gpxtpx:TrackPointExtension>
            <gpxtpx:hr>151</gpxtpx:hr>
          </gpxtpx:TrackPointExtension>
        </extensions>
      </trkpt>
      <trkpt lat="30.29159515013376" lon="120.2215688253437">
        <ele>13.800000190734863</ele>
        <time>2026-10-08T11:49:27Z</time>
        <extensions>
          <gpxtpx:TrackPointExtension>
            <gpxtpx:hr>151</gpxtpx:hr>
          </gpxtpx:TrackPointExtension>
        </extensions>
      </trkpt>
      <trkpt lat="30.29166422003174" lon="120.2216589787127">
        <ele>13.600000381469727</ele>
        <time>2026-10-08T11:49:31Z</time>
        <extensions>
          <gpxtpx:TrackPointExtension>
            <gpxtpx:hr>149</gpxtpx:hr>
          </gpxtpx:TrackPointExtension>
        </extensions>
      </trkpt>
      <trkpt lat="30.291749287069937" lon="120.2217481286792">
        <ele>13.800000190734863</ele>
        <time>2026-10-08T11:49:35Z</time>
        <extensions>
          <gpxtpx:TrackPointExtension>
            <gpxtpx:hr>149</gpxtpx:hr>
          </gpxtpx:TrackPointExtension>
        </extensions>
      </trkpt>
      <trkpt lat="30.29182734607113" lon="120.22182726132046">
        <ele>13.800000190734863</ele>
        <time>2026-10-08T11:49:39Z</time>
        <extensions>
          <gpxtpx:TrackPointExtension>
            <gpxtpx:hr>147</gpxtpx:hr>
          </gpxtpx:TrackPointExtension>
        </extensions>
      </trkpt>
      <trkpt lat="30.291909385727234" lon="120.22188435475107">
        <ele>13.800000190734863</ele>
        <time>2026-10-08T11:49:43Z</time>
        <extensions>
          <gpxtpx:TrackPointExtension>
            <gpxtpx:hr>147</gpxtpx:hr>
          </gpxtpx:TrackPointExtension>
        </extensions>
      </trkpt>
      <trkpt lat="30.291949468796105" lon="120.22198753215811">
        <ele>14.0</ele>
        <time>2026-10-08T11:49:47Z</time>
        <extensions>
          <gpxtpx:TrackPointExtension>
            <gpxtpx:hr>147</gpxtpx:hr>
          </gpxtpx:TrackPointExtension>
        </extensions>
      </trkpt>
      <trkpt lat="30.29192357971149" lon="120.22211575826562">
        <ele>13.800000190734863</ele>
        <time>2026-10-08T11:49:51Z</time>
        <extensions>
          <gpxtpx:TrackPointExtension>
            <gpxtpx:hr>148</gpxtpx:hr>
          </gpxtpx:TrackPointExtension>
        </extensions>
      </trkpt>
      <trkpt lat="30.291874675788346" lon="120.22222395076032">
        <ele>13.800000190734863</ele>
        <time>2026-10-08T11:49:55Z</time>
        <extensions>
          <gpxtpx:TrackPointExtension>
            <gpxtpx:hr>147</gpxtpx:hr>
          </gpxtpx:TrackPointExtension>
        </extensions>
      </trkpt>
      <trkpt lat="30.291847778273375" lon="120.2223431600963">
        <ele>14.0</ele>
        <time>2026-10-08T11:49:59Z</time>
        <extensions>
          <gpxtpx:TrackPointExtension>
            <gpxtpx:hr>147</gpxtpx:hr>
          </gpxtpx:TrackPointExtension>
        </extensions>
      </trkpt>
      <trkpt lat="30.291805879404368" lon="120.22245936489755">
        <ele>14.0</ele>
        <time>2026-10-08T11:50:03Z</time>
        <extensions>
          <gpxtpx:TrackPointExtension>
            <gpxtpx:hr>145</gpxtpx:hr>
          </gpxtpx:TrackPointExtension>
        </extensions>
      </trkpt>
      <trkpt lat="30.29177798104378" lon="120.2225785731904">
        <ele>14.0</ele>
        <time>2026-10-08T11:50:07Z</time>
        <extensions>
          <gpxtpx:TrackPointExtension>
            <gpxtpx:hr>145</gpxtpx:hr>
          </gpxtpx:TrackPointExtension>
        </extensions>
      </trkpt>
      <trkpt lat="30.291766081294362" lon="120.22269878131914">
        <ele>14.199999809265137</ele>
        <time>2026-10-08T11:50:11Z</time>
        <extensions>
          <gpxtpx:TrackPointExtension>
            <gpxtpx:hr>145</gpxtpx:hr>
          </gpxtpx:TrackPointExtension>
        </extensions>
      </trkpt>
      <trkpt lat="30.291762170365033" lon="120.22280696757844">
        <ele>14.399999618530273</ele>
        <time>2026-10-08T11:50:15Z</time>
        <extensions>
          <gpxtpx:TrackPointExtension>
            <gpxtpx:hr>146</gpxtpx:hr>
          </gpxtpx:TrackPointExtension>
        </extensions>
      </trkpt>
      <trkpt lat="30.29175427495132" lon="120.22293418627412">
        <ele>14.800000190734863</ele>
        <time>2026-10-08T11:50:19Z</time>
        <extensions>
          <gpxtpx:TrackPointExtension>
            <gpxtpx:hr>146</gpxtpx:hr>
          </gpxtpx:TrackPointExtension>
        </extensions>
      </trkpt>
      <trkpt lat="30.291743379309448" lon="120.22306140456439">
        <ele>14.600000381469727</ele>
        <time>2026-10-08T11:50:23Z</time>
        <extensions>
          <gpxtpx:TrackPointExtension>
            <gpxtpx:hr>147</gpxtpx:hr>
          </gpxtpx:TrackPointExtension>
        </extensions>
      </trkpt>
      <trkpt lat="30.29173047446444" lon="120.22317760362002">
        <ele>14.800000190734863</ele>
        <time>2026-10-08T11:50:27Z</time>
        <extensions>
          <gpxtpx:TrackPointExtension>
            <gpxtpx:hr>149</gpxtpx:hr>
          </gpxtpx:TrackPointExtension>
        </extensions>
      </trkpt>
      <trkpt lat="30.29170356505256" lon="120.22328679138344">
        <ele>14.600000381469727</ele>
        <time>2026-10-08T11:50:31Z</time>
        <extensions>
          <gpxtpx:TrackPointExtension>
            <gpxtpx:hr>147</gpxtpx:hr>
          </gpxtpx:TrackPointExtension>
        </extensions>
      </trkpt>
      <trkpt lat="30.291689659419244" lon="120.2234029894628">
        <ele>14.800000190734863</ele>
        <time>2026-10-08T11:50:35Z</time>
        <extensions>
          <gpxtpx:TrackPointExtension>
            <gpxtpx:hr>146</gpxtpx:hr>
          </gpxtpx:TrackPointExtension>
        </extensions>
      </trkpt>
      <trkpt lat="30.291664760865174" lon="120.22352720142419">
        <ele>14.800000190734863</ele>
        <time>2026-10-08T11:50:39Z</time>
        <extensions>
          <gpxtpx:TrackPointExtension>
            <gpxtpx:hr>146</gpxtpx:hr>
          </gpxtpx:TrackPointExtension>
        </extensions>
      </trkpt>
      <trkpt lat="30.291644851760037" lon="120.22363939212332">
        <ele>15.0</ele>
        <time>2026-10-08T11:50:43Z</time>
        <extensions>
          <gpxtpx:TrackPointExtension>
            <gpxtpx:hr>147</gpxtpx:hr>
          </gpxtpx:TrackPointExtension>
        </extensions>
      </trkpt>
      <trkpt lat="30.291621945691794" lon="120.22375558928286">
        <ele>15.199999809265137</ele>
        <time>2026-10-08T11:50:47Z</time>
        <extensions>
          <gpxtpx:TrackPointExtension>
            <gpxtpx:hr>146</gpxtpx:hr>
          </gpxtpx:TrackPointExtension>
        </extensions>
      </trkpt>
      <trkpt lat="30.291599040723682" lon="120.22387378924643">
        <ele>15.199999809265137</ele>
        <time>2026-10-08T11:50:51Z</time>
        <extensions>
          <gpxtpx:TrackPointExtension>
            <gpxtpx:hr>147</gpxtpx:hr>
          </gpxtpx:TrackPointExtension>
        </extensions>
      </trkpt>
      <trkpt lat="30.291577128939725" lon="120.22398397518756">
        <ele>15.399999618530273</ele>
        <time>2026-10-08T11:50:55Z</time>
        <extensions>
          <gpxtpx:TrackPointExtension>
            <gpxtpx:hr>147</gpxtpx:hr>
          </gpxtpx:TrackPointExtension>
        </extensions>
      </trkpt>
      <trkpt lat="30.291550216501648" lon="120.22409315937882">
        <ele>15.199999809265137</ele>
        <time>2026-10-08T11:50:59Z</time>
        <extensions>
          <gpxtpx:TrackPointExtension>
            <gpxtpx:hr>146</gpxtpx:hr>
          </gpxtpx:TrackPointExtension>
        </extensions>
      </trkpt>
      <trkpt lat="30.291522295277243" lon="120.22419132487386">
        <ele>15.199999809265137</ele>
        <time>2026-10-08T11:51:03Z</time>
        <extensions>
          <gpxtpx:TrackPointExtension>
            <gpxtpx:hr>145</gpxtpx:hr>
          </gpxtpx:TrackPointExtension>
        </extensions>
      </trkpt>
      <trkpt lat="30.291492388519774" lon="120.22430852165787">
        <ele>15.199999809265137</ele>
        <time>2026-10-08T11:51:07Z</time>
        <extensions>
          <gpxtpx:TrackPointExtension>
            <gpxtpx:hr>145</gpxtpx:hr>
          </gpxtpx:TrackPointExtension>
        </extensions>
      </trkpt>
      <trkpt lat="30.291463482705716" lon="120.22442772110611">
        <ele>15.199999809265137</ele>
        <time>2026-10-08T11:51:11Z</time>
        <extensions>
          <gpxtpx:TrackPointExtension>
            <gpxtpx:hr>145</gpxtpx:hr>
          </gpxtpx:TrackPointExtension>
        </extensions>
      </trkpt>
      <trkpt lat="30.291430584419036" lon="120.22455693678747">
        <ele>15.199999809265137</ele>
        <time>2026-10-08T11:51:15Z</time>
        <extensions>
          <gpxtpx:TrackPointExtension>
            <gpxtpx:hr>145</gpxtpx:hr>
          </gpxtpx:TrackPointExtension>
        </extensions>
      </trkpt>
      <trkpt lat="30.291398678656623" lon="120.22467713691522">
        <ele>15.0</ele>
        <time>2026-10-08T11:51:19Z</time>
        <extensions>
          <gpxtpx:TrackPointExtension>
            <gpxtpx:hr>144</gpxtpx:hr>
          </gpxtpx:TrackPointExtension>
        </extensions>
      </trkpt>
      <trkpt lat="30.291335771978737" lon="120.2247923308095">
        <ele>14.399999618530273</ele>
        <time>2026-10-08T11:51:23Z</time>
        <extensions>
          <gpxtpx:TrackPointExtension>
            <gpxtpx:hr>145</gpxtpx:hr>
          </gpxtpx:TrackPointExtension>
        </extensions>
      </trkpt>
      <trkpt lat="30.291229808135046" lon="120.22482539358252">
        <ele>14.199999809265137</ele>
        <time>2026-10-08T11:51:27Z</time>
        <extensions>
          <gpxtpx:TrackPointExtension>
            <gpxtpx:hr>144</gpxtpx:hr>
          </gpxtpx:TrackPointExtension>
        </extensions>
      </trkpt>
      <trkpt lat="30.291129824134917" lon="120.22483241327016">
        <ele>14.399999618530273</ele>
        <time>2026-10-08T11:51:31Z</time>
        <extensions>
          <gpxtpx:TrackPointExtension>
            <gpxtpx:hr>144</gpxtpx:hr>
          </gpxtpx:TrackPointExtension>
        </extensions>
      </trkpt>
      <trkpt lat="30.291018842056197" lon="120.22484043549746">
        <ele>14.199999809265137</ele>
        <time>2026-10-08T11:51:35Z</time>
        <extensions>
          <gpxtpx:TrackPointExtension>
            <gpxtpx:hr>145</gpxtpx:hr>
          </gpxtpx:TrackPointExtension>
        </extensions>
      </trkpt>
      <trkpt lat="30.290910855151996" lon="120.22484244765673">
        <ele>14.399999618530273</ele>
        <time>2026-10-08T11:51:39Z</time>
        <extensions>
          <gpxtpx:TrackPointExtension>
            <gpxtpx:hr>145</gpxtpx:hr>
          </gpxtpx:TrackPointExtension>
        </extensions>
      </trkpt>
      <trkpt lat="30.29080887283521" lon="120.22485147077629">
        <ele>14.399999618530273</ele>
        <time>2026-10-08T11:51:43Z</time>
        <extensions>
          <gpxtpx:TrackPointExtension>
            <gpxtpx:hr>145</gpxtpx:hr>
          </gpxtpx:TrackPointExtension>
        </extensions>
      </trkpt>
      <trkpt lat="30.290700889654616" lon="120.22485849111445">
        <ele>14.399999618530273</ele>
        <time>2026-10-08T11:51:47Z</time>
        <extensions>
          <gpxtpx:TrackPointExtension>
            <gpxtpx:hr>146</gpxtpx:hr>
          </gpxtpx:TrackPointExtension>
        </extensions>
      </trkpt>
      <trkpt lat="30.290593909347972" lon="120.22486951791026">
        <ele>14.399999618530273</ele>
        <time>2026-10-08T11:51:51Z</time>
        <extensions>
          <gpxtpx:TrackPointExtension>
            <gpxtpx:hr>147</gpxtpx:hr>
          </gpxtpx:TrackPointExtension>
        </extensions>
      </trkpt>
      <trkpt lat="30.290485914179882" lon="120.22486051207578">
        <ele>14.199999809265137</ele>
        <time>2026-10-08T11:51:55Z</time>
        <extensions>
          <gpxtpx:TrackPointExtension>
            <gpxtpx:hr>147</gpxtpx:hr>
          </gpxtpx:TrackPointExtension>
        </extensions>
      </trkpt>
      <trkpt lat="30.290377918251735" lon="120.22485050460182">
        <ele>14.199999809265137</ele>
        <time>2026-10-08T11:51:59Z</time>
        <extensions>
          <gpxtpx:TrackPointExtension>
            <gpxtpx:hr>147</gpxtpx:hr>
          </gpxtpx:TrackPointExtension>
        </extensions>
      </trkpt>
      <trkpt lat="30.290265917496153" lon="120.22483348599557">
        <ele>14.0</ele>
        <time>2026-10-08T11:52:03Z</time>
        <extensions>
          <gpxtpx:TrackPointExtension>
            <gpxtpx:hr>145</gpxtpx:hr>
          </gpxtpx:TrackPointExtension>
        </extensions>
      </trkpt>
      <trkpt lat="30.290159907831974" lon="120.2248054488678">
        <ele>14.0</ele>
        <time>2026-10-08T11:52:07Z</time>
        <extensions>
          <gpxtpx:TrackPointExtension>
            <gpxtpx:hr>142</gpxtpx:hr>
          </gpxtpx:TrackPointExtension>
        </extensions>
      </trkpt>
      <trkpt lat="30.2900599027481" lon="120.22478442268753">
        <ele>14.0</ele>
        <time>2026-10-08T11:52:11Z</time>
        <extensions>
          <gpxtpx:TrackPointExtension>
            <gpxtpx:hr>138</gpxtpx:hr>
          </gpxtpx:TrackPointExtension>
        </extensions>
      </trkpt>
      <trkpt lat="30.289971880572324" lon="120.22474236105764">
        <ele>14.199999809265137</ele>
        <time>2026-10-08T11:52:15Z</time>
        <extensions>
          <gpxtpx:TrackPointExtension>
            <gpxtpx:hr>137</gpxtpx:hr>
          </gpxtpx:TrackPointExtension>
        </extensions>
      </trkpt>
      <trkpt lat="30.28987588027194" lon="120.22472834598342">
        <ele>14.0</ele>
        <time>2026-10-08T11:52:19Z</time>
        <extensions>
          <gpxtpx:TrackPointExtension>
            <gpxtpx:hr>137</gpxtpx:hr>
          </gpxtpx:TrackPointExtension>
        </extensions>
      </trkpt>
      <trkpt lat="30.289748901326067" lon="120.22473837284262">
        <ele>14.199999809265137</ele>
        <time>2026-10-08T11:52:23Z</time>
        <extensions>
          <gpxtpx:TrackPointExtension>
            <gpxtpx:hr>143</gpxtpx:hr>
          </gpxtpx:TrackPointExtension>
        </extensions>
      </trkpt>
      <trkpt lat="30.289630909370203" lon="120.22473237270579">
        <ele>14.199999809265137</ele>
        <time>2026-10-08T11:52:27Z</time>
        <extensions>
          <gpxtpx:TrackPointExtension>
            <gpxtpx:hr>145</gpxtpx:hr>
          </gpxtpx:TrackPointExtension>
        </extensions>
      </trkpt>
      <trkpt lat="30.289516919235666" lon="120.22472937716202">
        <ele>14.399999618530273</ele>
        <time>2026-10-08T11:52:31Z</time>
        <extensions>
          <gpxtpx:TrackPointExtension>
            <gpxtpx:hr>148</gpxtpx:hr>
          </gpxtpx:TrackPointExtension>
        </extensions>
      </trkpt>
      <trkpt lat="30.28940293812213" lon="120.22473840131025">
        <ele>14.199999809265137</ele>
        <time>2026-10-08T11:52:35Z</time>
        <extensions>
          <gpxtpx:TrackPointExtension>
            <gpxtpx:hr>146</gpxtpx:hr>
          </gpxtpx:TrackPointExtension>
        </extensions>
      </trkpt>
      <trkpt lat="30.289303953147623" lon="120.22474441929951">
        <ele>14.199999809265137</ele>
        <time>2026-10-08T11:52:39Z</time>
        <extensions>
          <gpxtpx:TrackPointExtension>
            <gpxtpx:hr>145</gpxtpx:hr>
          </gpxtpx:TrackPointExtension>
        </extensions>
      </trkpt>
      <trkpt lat="30.289199965686723" lon="120.22474643113713">
        <ele>14.199999809265137</ele>
        <time>2026-10-08T11:52:43Z</time>
        <extensions>
          <gpxtpx:TrackPointExtension>
            <gpxtpx:hr>146</gpxtpx:hr>
          </gpxtpx:TrackPointExtension>
        </extensions>
      </trkpt>
      <trkpt lat="30.289077980125235" lon="120.2247484444555">
        <ele>14.199999809265137</ele>
        <time>2026-10-08T11:52:47Z</time>
        <extensions>
          <gpxtpx:TrackPointExtension>
            <gpxtpx:hr>146</gpxtpx:hr>
          </gpxtpx:TrackPointExtension>
        </extensions>
      </trkpt>
      <trkpt lat="30.288967994033765" lon="120.22475145842662">
        <ele>14.199999809265137</ele>
        <time>2026-10-08T11:52:51Z</time>
        <extensions>
          <gpxtpx:TrackPointExtension>
            <gpxtpx:hr>147</gpxtpx:hr>
          </gpxtpx:TrackPointExtension>
        </extensions>
      </trkpt>
      <trkpt lat="30.288849018655938" lon="120.22476749445589">
        <ele>14.199999809265137</ele>
        <time>2026-10-08T11:52:55Z</time>
        <extensions>
          <gpxtpx:TrackPointExtension>
            <gpxtpx:hr>148</gpxtpx:hr>
          </gpxtpx:TrackPointExtension>
        </extensions>
      </trkpt>
      <trkpt lat="30.288738979869724" lon="120.22470039356156">
        <ele>14.399999618530273</ele>
        <time>2026-10-08T11:52:59Z</time>
        <extensions>
          <gpxtpx:TrackPointExtension>
            <gpxtpx:hr>147</gpxtpx:hr>
          </gpxtpx:TrackPointExtension>
        </extensions>
      </trkpt>
      <trkpt lat="30.28868089303183" lon="120.22457719601529">
        <ele>14.199999809265137</ele>
        <time>2026-10-08T11:53:03Z</time>
        <extensions>
          <gpxtpx:TrackPointExtension>
            <gpxtpx:hr>147</gpxtpx:hr>
          </gpxtpx:TrackPointExtension>
        </extensions>
      </trkpt>
      <trkpt lat="30.288647798450537" lon="120.224447985876">
        <ele>14.199999809265137</ele>
        <time>2026-10-08T11:53:07Z</time>
        <extensions>
          <gpxtpx:TrackPointExtension>
            <gpxtpx:hr>147</gpxtpx:hr>
          </gpxtpx:TrackPointExtension>
        </extensions>
      </trkpt>
      <trkpt lat="30.28860271682481" lon="120.22433480256413">
        <ele>14.199999809265137</ele>
        <time>2026-10-08T11:53:11Z</time>
        <extensions>
          <gpxtpx:TrackPointExtension>
            <gpxtpx:hr>148</gpxtpx:hr>
          </gpxtpx:TrackPointExtension>
        </extensions>
      </trkpt>
      <trkpt lat="30.28855764168607" lon="120.22423063368518">
        <ele>14.199999809265137</ele>
        <time>2026-10-08T11:53:15Z</time>
        <extensions>
          <gpxtpx:TrackPointExtension>
            <gpxtpx:hr>147</gpxtpx:hr>
          </gpxtpx:TrackPointExtension>
        </extensions>
      </trkpt>
      <trkpt lat="30.28851057102311" lon="120.22413247452252">
        <ele>14.399999618530273</ele>
        <time>2026-10-08T11:53:19Z</time>
        <extensions>
          <gpxtpx:TrackPointExtension>
            <gpxtpx:hr>148</gpxtpx:hr>
          </gpxtpx:TrackPointExtension>
        </extensions>
      </trkpt>
      <trkpt lat="30.288464503027377" lon="120.22403832156307">
        <ele>14.399999618530273</ele>
        <time>2026-10-08T11:53:23Z</time>
        <extensions>
          <gpxtpx:TrackPointExtension>
            <gpxtpx:hr>148</gpxtpx:hr>
          </gpxtpx:TrackPointExtension>
        </extensions>
      </trkpt>
      <trkpt lat="30.288430423317358" lon="120.2239311454996">
        <ele>14.600000381469727</ele>
        <time>2026-10-08T11:53:27Z</time>
        <extensions>
          <gpxtpx:TrackPointExtension>
            <gpxtpx:hr>148</gpxtpx:hr>
          </gpxtpx:TrackPointExtension>
        </extensions>
      </trkpt>
      <trkpt lat="30.288393349798394" lon="120.22383198263978">
        <ele>14.399999618530273</ele>
        <time>2026-10-08T11:53:31Z</time>
        <extensions>
          <gpxtpx:TrackPointExtension>
            <gpxtpx:hr>147</gpxtpx:hr>
          </gpxtpx:TrackPointExtension>
        </extensions>
      </trkpt>
      <trkpt lat="30.288352266913428" lon="120.22372079952436">
        <ele>14.399999618530273</ele>
        <time>2026-10-08T11:53:35Z</time>
        <extensions>
          <gpxtpx:TrackPointExtension>
            <gpxtpx:hr>148</gpxtpx:hr>
          </gpxtpx:TrackPointExtension>
        </extensions>
      </trkpt>
      <trkpt lat="30.288312188244742" lon="120.22361562594537">
        <ele>14.600000381469727</ele>
        <time>2026-10-08T11:53:39Z</time>
        <extensions>
          <gpxtpx:TrackPointExtension>
            <gpxtpx:hr>149</gpxtpx:hr>
          </gpxtpx:TrackPointExtension>
        </extensions>
      </trkpt>
      <trkpt lat="30.28827909653146" lon="120.22349542597387">
        <ele>14.600000381469727</ele>
        <time>2026-10-08T11:53:43Z</time>
        <extensions>
          <gpxtpx:TrackPointExtension>
            <gpxtpx:hr>149</gpxtpx:hr>
          </gpxtpx:TrackPointExtension>
        </extensions>
      </trkpt>
      <trkpt lat="30.28823300569137" lon="120.22337522648697">
        <ele>14.600000381469727</ele>
        <time>2026-10-08T11:53:47Z</time>
        <extensions>
          <gpxtpx:TrackPointExtension>
            <gpxtpx:hr>148</gpxtpx:hr>
          </gpxtpx:TrackPointExtension>
        </extensions>
      </trkpt>
      <trkpt lat="30.288181926127944" lon="120.22326905064041">
        <ele>14.800000190734863</ele>
        <time>2026-10-08T11:53:51Z</time>
        <extensions>
          <gpxtpx:TrackPointExtension>
            <gpxtpx:hr>149</gpxtpx:hr>
          </gpxtpx:TrackPointExtension>
        </extensions>
      </trkpt>
      <trkpt lat="30.28814084593079" lon="120.2231638752202">
        <ele>14.800000190734863</ele>
        <time>2026-10-08T11:53:55Z</time>
        <extensions>
          <gpxtpx:TrackPointExtension>
            <gpxtpx:hr>149</gpxtpx:hr>
          </gpxtpx:TrackPointExtension>
        </extensions>
      </trkpt>
      <trkpt lat="30.288099762112733" lon="120.22305469251626">
        <ele>14.800000190734863</ele>
        <time>2026-10-08T11:53:59Z</time>
        <extensions>
          <gpxtpx:TrackPointExtension>
            <gpxtpx:hr>150</gpxtpx:hr>
          </gpxtpx:TrackPointExtension>
        </extensions>
      </trkpt>
      <trkpt lat="30.28805168920402" lon="120.22295853218297">
        <ele>15.0</ele>
        <time>2026-10-08T11:54:03Z</time>
        <extensions>
          <gpxtpx:TrackPointExtension>
            <gpxtpx:hr>150</gpxtpx:hr>
          </gpxtpx:TrackPointExtension>
        </extensions>
      </trkpt>
      <trkpt lat="30.28801759734094" lon="120.2228413342566">
        <ele>15.199999809265137</ele>
        <time>2026-10-08T11:54:07Z</time>
        <extensions>
          <gpxtpx:TrackPointExtension>
            <gpxtpx:hr>148</gpxtpx:hr>
          </gpxtpx:TrackPointExtension>
        </extensions>
      </trkpt>
      <trkpt lat="30.287976508209947" lon="120.22272714152128">
        <ele>15.0</ele>
        <time>2026-10-08T11:54:11Z</time>
        <extensions>
          <gpxtpx:TrackPointExtension>
            <gpxtpx:hr>148</gpxtpx:hr>
          </gpxtpx:TrackPointExtension>
        </extensions>
      </trkpt>
      <trkpt lat="30.287950415405806" lon="120.22261094357258">
        <ele>15.0</ele>
        <time>2026-10-08T11:54:15Z</time>
        <extensions>
          <gpxtpx:TrackPointExtension>
            <gpxtpx:hr>148</gpxtpx:hr>
          </gpxtpx:TrackPointExtension>
        </extensions>
      </trkpt>
      <trkpt lat="30.287914321533947" lon="120.22249274244068">
        <ele>15.0</ele>
        <time>2026-10-08T11:54:19Z</time>
        <extensions>
          <gpxtpx:TrackPointExtension>
            <gpxtpx:hr>146</gpxtpx:hr>
          </gpxtpx:TrackPointExtension>
        </extensions>
      </trkpt>
      <trkpt lat="30.287877226458" lon="120.22237353909375">
        <ele>15.199999809265137</ele>
        <time>2026-10-08T11:54:23Z</time>
        <extensions>
          <gpxtpx:TrackPointExtension>
            <gpxtpx:hr>147</gpxtpx:hr>
          </gpxtpx:TrackPointExtension>
        </extensions>
      </trkpt>
      <trkpt lat="30.287846129430942" lon="120.22225333294192">
        <ele>15.199999809265137</ele>
        <time>2026-10-08T11:54:27Z</time>
        <extensions>
          <gpxtpx:TrackPointExtension>
            <gpxtpx:hr>146</gpxtpx:hr>
          </gpxtpx:TrackPointExtension>
        </extensions>
      </trkpt>
      <trkpt lat="30.2878340240243" lon="120.22212611242175">
        <ele>15.199999809265137</ele>
        <time>2026-10-08T11:54:31Z</time>
        <extensions>
          <gpxtpx:TrackPointExtension>
            <gpxtpx:hr>146</gpxtpx:hr>
          </gpxtpx:TrackPointExtension>
        </extensions>
      </trkpt>
      <trkpt lat="30.287819932663233" lon="120.22201592119387">
        <ele>15.199999809265137</ele>
        <time>2026-10-08T11:54:35Z</time>
        <extensions>
          <gpxtpx:TrackPointExtension>
            <gpxtpx:hr>145</gpxtpx:hr>
          </gpxtpx:TrackPointExtension>
        </extensions>
      </trkpt>
      <trkpt lat="30.287795826644924" lon="120.2218876986983">
        <ele>15.0</ele>
        <time>2026-10-08T11:54:39Z</time>
        <extensions>
          <gpxtpx:TrackPointExtension>
            <gpxtpx:hr>145</gpxtpx:hr>
          </gpxtpx:TrackPointExtension>
        </extensions>
      </trkpt>
      <trkpt lat="30.287756726772162" lon="120.22176548734919">
        <ele>15.0</ele>
        <time>2026-10-08T11:54:43Z</time>
        <extensions>
          <gpxtpx:TrackPointExtension>
            <gpxtpx:hr>146</gpxtpx:hr>
          </gpxtpx:TrackPointExtension>
        </extensions>
      </trkpt>
      <trkpt lat="30.287723628339908" lon="120.22164628020903">
        <ele>15.0</ele>
        <time>2026-10-08T11:54:47Z</time>
        <extensions>
          <gpxtpx:TrackPointExtension>
            <gpxtpx:hr>148</gpxtpx:hr>
          </gpxtpx:TrackPointExtension>
        </extensions>
      </trkpt>
      <trkpt lat="30.28768053737494" lon="120.22153508749045">
        <ele>14.800000190734863</ele>
        <time>2026-10-08T11:54:51Z</time>
        <extensions>
          <gpxtpx:TrackPointExtension>
            <gpxtpx:hr>149</gpxtpx:hr>
          </gpxtpx:TrackPointExtension>
        </extensions>
      </trkpt>
      <trkpt lat="30.287637449455513" lon="120.22142790137914">
        <ele>14.800000190734863</ele>
        <time>2026-10-08T11:54:55Z</time>
        <extensions>
          <gpxtpx:TrackPointExtension>
            <gpxtpx:hr>149</gpxtpx:hr>
          </gpxtpx:TrackPointExtension>
        </extensions>
      </trkpt>
      <trkpt lat="30.28757437019869" lon="120.22132873068769">
        <ele>14.800000190734863</ele>
        <time>2026-10-08T11:54:59Z</time>
        <extensions>
          <gpxtpx:TrackPointExtension>
            <gpxtpx:hr>148</gpxtpx:hr>
          </gpxtpx:TrackPointExtension>
        </extensions>
      </trkpt>
      <trkpt lat="30.287508279580273" lon="120.221216536678">
        <ele>14.600000381469727</ele>
        <time>2026-10-08T11:55:03Z</time>
        <extensions>
          <gpxtpx:TrackPointExtension>
            <gpxtpx:hr>148</gpxtpx:hr>
          </gpxtpx:TrackPointExtension>
        </extensions>
      </trkpt>
      <trkpt lat="30.28745118671723" lon="120.2211033396414">
        <ele>14.600000381469727</ele>
        <time>2026-10-08T11:55:07Z</time>
        <extensions>
          <gpxtpx:TrackPointExtension>
            <gpxtpx:hr>149</gpxtpx:hr>
          </gpxtpx:TrackPointExtension>
        </extensions>
      </trkpt>
      <trkpt lat="30.2874550703011" lon="120.22097110302158">
        <ele>14.399999618530273</ele>
        <time>2026-10-08T11:55:11Z</time>
        <extensions>
          <gpxtpx:TrackPointExtension>
            <gpxtpx:hr>150</gpxtpx:hr>
          </gpxtpx:TrackPointExtension>
        </extensions>
      </trkpt>
      <trkpt lat="30.287532974745986" lon="120.22087191892813">
        <ele>14.199999809265137</ele>
        <time>2026-10-08T11:55:15Z</time>
        <extensions>
          <gpxtpx:TrackPointExtension>
            <gpxtpx:hr>149</gpxtpx:hr>
          </gpxtpx:TrackPointExtension>
        </extensions>
      </trkpt>
      <trkpt lat="30.28762791078014" lon="120.22081080143856">
        <ele>14.199999809265137</ele>
        <time>2026-10-08T11:55:19Z</time>
        <extensions>
          <gpxtpx:TrackPointExtension>
            <gpxtpx:hr>148</gpxtpx:hr>
          </gpxtpx:TrackPointExtension>
        </extensions>
      </trkpt>
      <trkpt lat="30.287727851487848" lon="120.22075569419779">
        <ele>14.199999809265137</ele>
        <time>2026-10-08T11:55:23Z</time>
        <extensions>
          <gpxtpx:TrackPointExtension>
            <gpxtpx:hr>149</gpxtpx:hr>
          </gpxtpx:TrackPointExtension>
        </extensions>
      </trkpt>
      <trkpt lat="30.287816795912132" lon="120.22070359315282">
        <ele>14.199999809265137</ele>
        <time>2026-10-08T11:55:27Z</time>
        <extensions>
          <gpxtpx:TrackPointExtension>
            <gpxtpx:hr>148</gpxtpx:hr>
          </gpxtpx:TrackPointExtension>
        </extensions>
      </trkpt>
      <trkpt lat="30.28791273682919" lon="120.22064848600816">
        <ele>14.399999618530273</ele>
        <time>2026-10-08T11:55:31Z</time>
        <extensions>
          <gpxtpx:TrackPointExtension>
            <gpxtpx:hr>146</gpxtpx:hr>
          </gpxtpx:TrackPointExtension>
        </extensions>
      </trkpt>
      <trkpt lat="30.288006681422722" lon="120.2205973861386">
        <ele>14.399999618530273</ele>
        <time>2026-10-08T11:55:35Z</time>
        <extensions>
          <gpxtpx:TrackPointExtension>
            <gpxtpx:hr>148</gpxtpx:hr>
          </gpxtpx:TrackPointExtension>
        </extensions>
      </trkpt>
      <trkpt lat="30.288099622446992" lon="120.22054227901017">
        <ele>14.399999618530273</ele>
        <time>2026-10-08T11:55:39Z</time>
        <extensions>
          <gpxtpx:TrackPointExtension>
            <gpxtpx:hr>147</gpxtpx:hr>
          </gpxtpx:TrackPointExtension>
        </extensions>
      </trkpt>
      <trkpt lat="30.288191562571914" lon="120.22048617003263">
        <ele>14.399999618530273</ele>
        <time>2026-10-08T11:55:43Z</time>
        <extensions>
          <gpxtpx:TrackPointExtension>
            <gpxtpx:hr>148</gpxtpx:hr>
          </gpxtpx:TrackPointExtension>
        </extensions>
      </trkpt>
      <trkpt lat="30.28828049480915" lon="120.22042104484991">
        <ele>14.399999618530273</ele>
        <time>2026-10-08T11:55:47Z</time>
        <extensions>
          <gpxtpx:TrackPointExtension>
            <gpxtpx:hr>148</gpxtpx:hr>
          </gpxtpx:TrackPointExtension>
        </extensions>
      </trkpt>
      <trkpt lat="30.2883724247801" lon="120.22035391561928">
        <ele>14.399999618530273</ele>
        <time>2026-10-08T11:55:51Z</time>
        <extensions>
          <gpxtpx:TrackPointExtension>
            <gpxtpx:hr>150</gpxtpx:hr>
          </gpxtpx:TrackPointExtension>
        </extensions>
      </trkpt>
      <trkpt lat="30.28846034959363" lon="120.22028077562197">
        <ele>14.399999618530273</ele>
        <time>2026-10-08T11:55:55Z</time>
        <extensions>
          <gpxtpx:TrackPointExtension>
            <gpxtpx:hr>153</gpxtpx:hr>
          </gpxtpx:TrackPointExtension>
        </extensions>
      </trkpt>
      <trkpt lat="30.288558279512397" lon="120.22021464734986">
        <ele>14.399999618530273</ele>
        <time>2026-10-08T11:55:59Z</time>
        <extensions>
          <gpxtpx:TrackPointExtension>
            <gpxtpx:hr>153</gpxtpx:hr>
          </gpxtpx:TrackPointExtension>
        </extensions>
      </trkpt>
      <trkpt lat="30.288646216693593" lon="120.22015553250463">
        <ele>14.399999618530273</ele>
        <time>2026-10-08T11:56:03Z</time>
        <extensions>
          <gpxtpx:TrackPointExtension>
            <gpxtpx:hr>153</gpxtpx:hr>
          </gpxtpx:TrackPointExtension>
        </extensions>
      </trkpt>
      <trkpt lat="30.288738165159355" lon="120.22010944094302">
        <ele>14.399999618530273</ele>
        <time>2026-10-08T11:56:07Z</time>
        <extensions>
          <gpxtpx:TrackPointExtension>
            <gpxtpx:hr>151</gpxtpx:hr>
          </gpxtpx:TrackPointExtension>
        </extensions>
      </trkpt>
      <trkpt lat="30.28882508307611" lon="120.22002928751866">
        <ele>14.399999618530273</ele>
        <time>2026-10-08T11:56:11Z</time>
        <extensions>
          <gpxtpx:TrackPointExtension>
            <gpxtpx:hr>150</gpxtpx:hr>
          </gpxtpx:TrackPointExtension>
        </extensions>
      </trkpt>
      <trkpt lat="30.288914001477924" lon="120.21995013551096">
        <ele>14.399999618530273</ele>
        <time>2026-10-08T11:56:15Z</time>
        <extensions>
          <gpxtpx:TrackPointExtension>
            <gpxtpx:hr>150</gpxtpx:hr>
          </gpxtpx:TrackPointExtension>
        </extensions>
      </trkpt>
      <trkpt lat="30.288999922737112" lon="120.21987398901308">
        <ele>14.399999618530273</ele>
        <time>2026-10-08T11:56:19Z</time>
        <extensions>
          <gpxtpx:TrackPointExtension>
            <gpxtpx:hr>151</gpxtpx:hr>
          </gpxtpx:TrackPointExtension>
        </extensions>
      </trkpt>
      <trkpt lat="30.289082845957157" lon="120.21979984621329">
        <ele>14.600000381469727</ele>
        <time>2026-10-08T11:56:23Z</time>
        <extensions>
          <gpxtpx:TrackPointExtension>
            <gpxtpx:hr>152</gpxtpx:hr>
          </gpxtpx:TrackPointExtension>
        </extensions>
      </trkpt>
      <trkpt lat="30.289163772892078" lon="120.21972971072998">
        <ele>14.600000381469727</ele>
        <time>2026-10-08T11:56:27Z</time>
        <extensions>
          <gpxtpx:TrackPointExtension>
            <gpxtpx:hr>154</gpxtpx:hr>
          </gpxtpx:TrackPointExtension>
        </extensions>
      </trkpt>
      <trkpt lat="30.289257697355932" lon="120.2196585721397">
        <ele>14.600000381469727</ele>
        <time>2026-10-08T11:56:31Z</time>
        <extensions>
          <gpxtpx:TrackPointExtension>
            <gpxtpx:hr>155</gpxtpx:hr>
          </gpxtpx:TrackPointExtension>
        </extensions>
      </trkpt>
      <trkpt lat="30.289342615185078" lon="120.21957941931518">
        <ele>14.399999618530273</ele>
        <time>2026-10-08T11:56:35Z</time>
        <extensions>
          <gpxtpx:TrackPointExtension>
            <gpxtpx:hr>155</gpxtpx:hr>
          </gpxtpx:TrackPointExtension>
        </extensions>
      </trkpt>
      <trkpt lat="30.289430533413675" lon="120.21950126784992">
        <ele>14.600000381469727</ele>
        <time>2026-10-08T11:56:39Z</time>
        <extensions>
          <gpxtpx:TrackPointExtension>
            <gpxtpx:hr>154</gpxtpx:hr>
          </gpxtpx:TrackPointExtension>
        </extensions>
      </trkpt>
      <trkpt lat="30.289511447517267" lon="120.2194181074554">
        <ele>14.399999618530273</ele>
        <time>2026-10-08T11:56:43Z</time>
        <extensions>
          <gpxtpx:TrackPointExtension>
            <gpxtpx:hr>153</gpxtpx:hr>
          </gpxtpx:TrackPointExtension>
        </extensions>
      </trkpt>
      <trkpt lat="30.289585365874082" lon="120.21933895479593">
        <ele>14.600000381469727</ele>
        <time>2026-10-08T11:56:47Z</time>
        <extensions>
          <gpxtpx:TrackPointExtension>
            <gpxtpx:hr>154</gpxtpx:hr>
          </gpxtpx:TrackPointExtension>
        </extensions>
      </trkpt>
      <trkpt lat="30.289670282850555" lon="120.21925980098699">
        <ele>14.600000381469727</ele>
        <time>2026-10-08T11:56:51Z</time>
        <extensions>
          <gpxtpx:TrackPointExtension>
            <gpxtpx:hr>154</gpxtpx:hr>
          </gpxtpx:TrackPointExtension>
        </extensions>
      </trkpt>
      <trkpt lat="30.289763202525442" lon="120.21918465372728">
        <ele>14.399999618530273</ele>
        <time>2026-10-08T11:56:55Z</time>
        <extensions>
          <gpxtpx:TrackPointExtension>
            <gpxtpx:hr>154</gpxtpx:hr>
          </gpxtpx:TrackPointExtension>
        </extensions>
      </trkpt>
      <trkpt lat="30.289880165604238" lon="120.21915859564437">
        <ele>14.199999809265137</ele>
        <time>2026-10-08T11:56:59Z</time>
        <extensions>
          <gpxtpx:TrackPointExtension>
            <gpxtpx:hr>153</gpxtpx:hr>
          </gpxtpx:TrackPointExtension>
        </extensions>
      </trkpt>
      <trkpt lat="30.28997721354761" lon="120.21922070313528">
        <ele>14.0</ele>
        <time>2026-10-08T11:57:03Z</time>
        <extensions>
          <gpxtpx:TrackPointExtension>
            <gpxtpx:hr>152</gpxtpx:hr>
          </gpxtpx:TrackPointExtension>
        </extensions>
      </trkpt>
      <trkpt lat="30.290025306846672" lon="120.21932589441278">
        <ele>14.199999809265137</ele>
        <time>2026-10-08T11:57:07Z</time>
        <extensions>
          <gpxtpx:TrackPointExtension>
            <gpxtpx:hr>151</gpxtpx:hr>
          </gpxtpx:TrackPointExtension>
        </extensions>
      </trkpt>
      <trkpt lat="30.29006740694504" lon="120.21943809872657">
        <ele>14.199999809265137</ele>
        <time>2026-10-08T11:57:11Z</time>
        <extensions>
          <gpxtpx:TrackPointExtension>
            <gpxtpx:hr>150</gpxtpx:hr>
          </gpxtpx:TrackPointExtension>
        </extensions>
      </trkpt>
      <trkpt lat="30.29010951219674" lon="120.2195563136418">
        <ele>14.399999618530273</ele>
        <time>2026-10-08T11:57:15Z</time>
        <extensions>
          <gpxtpx:TrackPointExtension>
            <gpxtpx:hr>151</gpxtpx:hr>
          </gpxtpx:TrackPointExtension>
        </extensions>
      </trkpt>
      <trkpt lat="30.29015661275643" lon="120.21967052022627">
        <ele>14.399999618530273</ele>
        <time>2026-10-08T11:57:19Z</time>
        <extensions>
          <gpxtpx:TrackPointExtension>
            <gpxtpx:hr>153</gpxtpx:hr>
          </gpxtpx:TrackPointExtension>
        </extensions>
      </trkpt>
      <trkpt lat="30.29020570438535" lon="120.2197757095816">
        <ele>14.399999618530273</ele>
        <time>2026-10-08T11:57:23Z</time>
        <extensions>
          <gpxtpx:TrackPointExtension>
            <gpxtpx:hr>153</gpxtpx:hr>
          </gpxtpx:TrackPointExtension>
        </extensions>
      </trkpt>
      <trkpt lat="30.290253796671358" lon="120.21988190042335">
        <ele>14.199999809265137</ele>
        <time>2026-10-08T11:57:27Z</time>
        <extensions>
          <gpxtpx:TrackPointExtension>
            <gpxtpx:hr>154</gpxtpx:hr>
          </gpxtpx:TrackPointExtension>
        </extensions>
      </trkpt>
      <trkpt lat="30.290282901576088" lon="120.22000011436418">
        <ele>14.399999618530273</ele>
        <time>2026-10-08T11:57:31Z</time>
        <extensions>
          <gpxtpx:TrackPointExtension>
            <gpxtpx:hr>154</gpxtpx:hr>
          </gpxtpx:TrackPointExtension>
        </extensions>
      </trkpt>
      <trkpt lat="30.290333990930904" lon="120.220104300374">
        <ele>14.399999618530273</ele>
        <time>2026-10-08T11:57:35Z</time>
        <extensions>
          <gpxtpx:TrackPointExtension>
            <gpxtpx:hr>154</gpxtpx:hr>
          </gpxtpx:TrackPointExtension>
        </extensions>
      </trkpt>
      <trkpt lat="30.290404078798314" lon="120.22020948621699">
        <ele>14.600000381469727</ele>
        <time>2026-10-08T11:57:39Z</time>
        <extensions>
          <gpxtpx:TrackPointExtension>
            <gpxtpx:hr>153</gpxtpx:hr>
          </gpxtpx:TrackPointExtension>
        </extensions>
      </trkpt>
      <trkpt lat="30.290468171451167" lon="120.22031968121327">
        <ele>14.199999809265137</ele>
        <time>2026-10-08T11:57:43Z</time>
        <extensions>
          <gpxtpx:TrackPointExtension>
            <gpxtpx:hr>152</gpxtpx:hr>
          </gpxtpx:TrackPointExtension>
        </extensions>
      </trkpt>
      <trkpt lat="30.29053125481261" lon="120.22041985767245">
        <ele>14.0</ele>
        <time>2026-10-08T11:57:47Z</time>
        <extensions>
          <gpxtpx:TrackPointExtension>
            <gpxtpx:hr>151</gpxtpx:hr>
          </gpxtpx:TrackPointExtension>
        </extensions>
      </trkpt>
      <trkpt lat="30.290600333610328" lon="120.22051602600087">
        <ele>14.0</ele>
        <time>2026-10-08T11:57:51Z</time>
        <extensions>
          <gpxtpx:TrackPointExtension>
            <gpxtpx:hr>153</gpxtpx:hr>
          </gpxtpx:TrackPointExtension>
        </extensions>
      </trkpt>
      <trkpt lat="30.290673411668003" lon="120.22061219363631">
        <ele>14.0</ele>
        <time>2026-10-08T11:57:55Z</time>
        <extensions>
          <gpxtpx:TrackPointExtension>
            <gpxtpx:hr>155</gpxtpx:hr>
          </gpxtpx:TrackPointExtension>
        </extensions>
      </trkpt>
      <trkpt lat="30.290736491375508" lon="120.2207093635344">
        <ele>13.800000190734863</ele>
        <time>2026-10-08T11:57:59Z</time>
        <extensions>
          <gpxtpx:TrackPointExtension>
            <gpxtpx:hr>154</gpxtpx:hr>
          </gpxtpx:TrackPointExtension>
        </extensions>
      </trkpt>
      <trkpt lat="30.290796575518904" lon="120.22081154230334">
        <ele>13.800000190734863</ele>
        <time>2026-10-08T11:58:03Z</time>
        <extensions>
          <gpxtpx:TrackPointExtension>
            <gpxtpx:hr>154</gpxtpx:hr>
          </gpxtpx:TrackPointExtension>
        </extensions>
      </trkpt>
      <trkpt lat="30.290865653047277" lon="120.2209077091486">
        <ele>13.800000190734863</ele>
        <time>2026-10-08T11:58:07Z</time>
        <extensions>
          <gpxtpx:TrackPointExtension>
            <gpxtpx:hr>154</gpxtpx:hr>
          </gpxtpx:TrackPointExtension>
        </extensions>
      </trkpt>
      <trkpt lat="30.290935726635873" lon="120.22099986838036">
        <ele>13.600000381469727</ele>
        <time>2026-10-08T11:58:11Z</time>
        <extensions>
          <gpxtpx:TrackPointExtension>
            <gpxtpx:hr>154</gpxtpx:hr>
          </gpxtpx:TrackPointExtension>
        </extensions>
      </trkpt>
      <trkpt lat="30.291028788694945" lon="120.22108200750111">
        <ele>13.600000381469727</ele>
        <time>2026-10-08T11:58:15Z</time>
        <extensions>
          <gpxtpx:TrackPointExtension>
            <gpxtpx:hr>152</gpxtpx:hr>
          </gpxtpx:TrackPointExtension>
        </extensions>
      </trkpt>
      <trkpt lat="30.291122846915826" lon="120.22116013913205">
        <ele>13.399999618530273</ele>
        <time>2026-10-08T11:58:19Z</time>
        <extensions>
          <gpxtpx:TrackPointExtension>
            <gpxtpx:hr>153</gpxtpx:hr>
          </gpxtpx:TrackPointExtension>
        </extensions>
      </trkpt>
      <trkpt lat="30.291211894124434" lon="120.22122524776172">
        <ele>13.399999618530273</ele>
        <time>2026-10-08T11:58:23Z</time>
        <extensions>
          <gpxtpx:TrackPointExtension>
            <gpxtpx:hr>155</gpxtpx:hr>
          </gpxtpx:TrackPointExtension>
        </extensions>
      </trkpt>
      <trkpt lat="30.291269977566827" lon="120.22132842639071">
        <ele>13.399999618530273</ele>
        <time>2026-10-08T11:58:27Z</time>
        <extensions>
          <gpxtpx:TrackPointExtension>
            <gpxtpx:hr>155</gpxtpx:hr>
          </gpxtpx:TrackPointExtension>
        </extensions>
      </trkpt>
      <trkpt lat="30.29125509964301" lon="120.22146767446336">
        <ele>13.399999618530273</ele>
        <time>2026-10-08T11:58:31Z</time>
        <extensions>
          <gpxtpx:TrackPointExtension>
            <gpxtpx:hr>156</gpxtpx:hr>
          </gpxtpx:TrackPointExtension>
        </extensions>
      </trkpt>
      <trkpt lat="30.29120320698886" lon="120.2215858876858">
        <ele>13.600000381469727</ele>
        <time>2026-10-08T11:58:35Z</time>
        <extensions>
          <gpxtpx:TrackPointExtension>
            <gpxtpx:hr>154</gpxtpx:hr>
          </gpxtpx:TrackPointExtension>
        </extensions>
      </trkpt>
      <trkpt lat="30.291161287939616" lon="120.22167504836719">
        <ele>13.600000381469727</ele>
        <time>2026-10-08T11:58:39Z</time>
        <extensions>
          <gpxtpx:TrackPointExtension>
            <gpxtpx:hr>154</gpxtpx:hr>
          </gpxtpx:TrackPointExtension>
        </extensions>
      </trkpt>
      <trkpt lat="30.29109738891886" lon="120.22178524752009">
        <ele>13.800000190734863</ele>
        <time>2026-10-08T11:58:43Z</time>
        <extensions>
          <gpxtpx:TrackPointExtension>
            <gpxtpx:hr>154</gpxtpx:hr>
          </gpxtpx:TrackPointExtension>
        </extensions>
      </trkpt>
      <trkpt lat="30.29103048980787" lon="120.2218954464358">
        <ele>13.800000190734863</ele>
        <time>2026-10-08T11:58:47Z</time>
        <extensions>
          <gpxtpx:TrackPointExtension>
            <gpxtpx:hr>153</gpxtpx:hr>
          </gpxtpx:TrackPointExtension>
        </extensions>
      </trkpt>
      <trkpt lat="30.290964588483856" lon="120.22200364128128">
        <ele>13.800000190734863</ele>
        <time>2026-10-08T11:58:51Z</time>
        <extensions>
          <gpxtpx:TrackPointExtension>
            <gpxtpx:hr>153</gpxtpx:hr>
          </gpxtpx:TrackPointExtension>
        </extensions>
      </trkpt>
      <trkpt lat="30.290906679160916" lon="120.22210382102058">
        <ele>13.800000190734863</ele>
        <time>2026-10-08T11:58:55Z</time>
        <extensions>
          <gpxtpx:TrackPointExtension>
            <gpxtpx:hr>154</gpxtpx:hr>
          </gpxtpx:TrackPointExtension>
        </extensions>
      </trkpt>
      <trkpt lat="30.29084677054994" lon="120.22220500226676">
        <ele>14.0</ele>
        <time>2026-10-08T11:58:59Z</time>
        <extensions>
          <gpxtpx:TrackPointExtension>
            <gpxtpx:hr>155</gpxtpx:hr>
          </gpxtpx:TrackPointExtension>
        </extensions>
      </trkpt>
      <trkpt lat="30.290785865876092" lon="120.22231119188253">
        <ele>14.0</ele>
        <time>2026-10-08T11:59:03Z</time>
        <extensions>
          <gpxtpx:TrackPointExtension>
            <gpxtpx:hr>157</gpxtpx:hr>
          </gpxtpx:TrackPointExtension>
        </extensions>
      </trkpt>
      <trkpt lat="30.29073095934176" lon="120.22241637881739">
        <ele>14.0</ele>
        <time>2026-10-08T11:59:07Z</time>
        <extensions>
          <gpxtpx:TrackPointExtension>
            <gpxtpx:hr>156</gpxtpx:hr>
          </gpxtpx:TrackPointExtension>
        </extensions>
      </trkpt>
      <trkpt lat="30.29068505643619" lon="120.22252757495207">
        <ele>14.0</ele>
        <time>2026-10-08T11:59:11Z</time>
        <extensions>
          <gpxtpx:TrackPointExtension>
            <gpxtpx:hr>155</gpxtpx:hr>
          </gpxtpx:TrackPointExtension>
        </extensions>
      </trkpt>
      <trkpt lat="30.290622150806783" lon="120.22263376335826">
        <ele>14.0</ele>
        <time>2026-10-08T11:59:15Z</time>
        <extensions>
          <gpxtpx:TrackPointExtension>
            <gpxtpx:hr>154</gpxtpx:hr>
          </gpxtpx:TrackPointExtension>
        </extensions>
      </trkpt>
      <trkpt lat="30.290557239256056" lon="120.22273293942021">
        <ele>14.199999809265137</ele>
        <time>2026-10-08T11:59:19Z</time>
        <extensions>
          <gpxtpx:TrackPointExtension>
            <gpxtpx:hr>153</gpxtpx:hr>
          </gpxtpx:TrackPointExtension>
        </extensions>
      </trkpt>
      <trkpt lat="30.29050733312263" lon="120.22284112931533">
        <ele>14.199999809265137</ele>
        <time>2026-10-08T11:59:23Z</time>
        <extensions>
          <gpxtpx:TrackPointExtension>
            <gpxtpx:hr>152</gpxtpx:hr>
          </gpxtpx:TrackPointExtension>
        </extensions>
      </trkpt>
      <trkpt lat="30.290445421359202" lon="120.22294130601632">
        <ele>14.399999618530273</ele>
        <time>2026-10-08T11:59:27Z</time>
        <extensions>
          <gpxtpx:TrackPointExtension>
            <gpxtpx:hr>151</gpxtpx:hr>
          </gpxtpx:TrackPointExtension>
        </extensions>
      </trkpt>
      <trkpt lat="30.29039450726318" lon="120.22304047969737">
        <ele>14.399999618530273</ele>
        <time>2026-10-08T11:59:31Z</time>
        <extensions>
          <gpxtpx:TrackPointExtension>
            <gpxtpx:hr>152</gpxtpx:hr>
          </gpxtpx:TrackPointExtension>
        </extensions>
      </trkpt>
      <trkpt lat="30.29033860305175" lon="120.22315167386138">
        <ele>14.600000381469727</ele>
        <time>2026-10-08T11:59:35Z</time>
        <extensions>
          <gpxtpx:TrackPointExtension>
            <gpxtpx:hr>154</gpxtpx:hr>
          </gpxtpx:TrackPointExtension>
        </extensions>
      </trkpt>
      <trkpt lat="30.29030670629008" lon="120.2232758876596">
        <ele>14.600000381469727</ele>
        <time>2026-10-08T11:59:39Z</time>
        <extensions>
          <gpxtpx:TrackPointExtension>
            <gpxtpx:hr>154</gpxtpx:hr>
          </gpxtpx:TrackPointExtension>
        </extensions>
      </trkpt>
      <trkpt lat="30.29033580966504" lon="120.2234091110705">
        <ele>14.600000381469727</ele>
        <time>2026-10-08T11:59:43Z</time>
        <extensions>
          <gpxtpx:TrackPointExtension>
            <gpxtpx:hr>153</gpxtpx:hr>
          </gpxtpx:TrackPointExtension>
        </extensions>
      </trkpt>
      <trkpt lat="30.290424869466673" lon="120.22349625105947">
        <ele>14.600000381469727</ele>
        <time>2026-10-08T11:59:47Z</time>
        <extensions>
          <gpxtpx:TrackPointExtension>
            <gpxtpx:hr>153</gpxtpx:hr>
          </gpxtpx:TrackPointExtension>
        </extensions>
      </trkpt>
      <trkpt lat="30.290519908541494" lon="120.22355834803558">
        <ele>14.800000190734863</ele>
        <time>2026-10-08T11:59:51Z</time>
        <extensions>
          <gpxtpx:TrackPointExtension>
            <gpxtpx:hr>154</gpxtpx:hr>
          </gpxtpx:TrackPointExtension>
        </extensions>
      </trkpt>
      <trkpt lat="30.290606945169806" lon="120.22361643876776">
        <ele>14.600000381469727</ele>
        <time>2026-10-08T11:59:55Z</time>
        <extensions>
          <gpxtpx:TrackPointExtension>
            <gpxtpx:hr>153</gpxtpx:hr>
          </gpxtpx:TrackPointExtension>
        </extensions>
      </trkpt>
      <trkpt lat="30.290697971775415" lon="120.22366250881998">
        <ele>14.600000381469727</ele>
        <time>2026-10-08T11:59:59Z</time>
        <extensions>
          <gpxtpx:TrackPointExtension>
            <gpxtpx:hr>152</gpxtpx:hr>
          </gpxtpx:TrackPointExtension>
        </extensions>
      </trkpt>
      <trkpt lat="30.290784013803638" lon="120.22372761116485">
        <ele>14.399999618530273</ele>
        <time>2026-10-08T12:00:03Z</time>
        <extensions>
          <gpxtpx:TrackPointExtension>
            <gpxtpx:hr>151</gpxtpx:hr>
          </gpxtpx:TrackPointExtension>
        </extensions>
      </trkpt>
      <trkpt lat="30.29087105321786" lon="120.22378970821693">
        <ele>14.399999618530273</ele>
        <time>2026-10-08T12:00:07Z</time>
        <extensions>
          <gpxtpx:TrackPointExtension>
            <gpxtpx:hr>153</gpxtpx:hr>
          </gpxtpx:TrackPointExtension>
        </extensions>
      </trkpt>
      <trkpt lat="30.290974086076545" lon="120.22384579373275">
        <ele>14.399999618530273</ele>
        <time>2026-10-08T12:00:11Z</time>
        <extensions>
          <gpxtpx:TrackPointExtension>
            <gpxtpx:hr>150</gpxtpx:hr>
          </gpxtpx:TrackPointExtension>
        </extensions>
      </trkpt>
      <trkpt lat="30.291084111033303" lon="120.22389286346805">
        <ele>14.399999618530273</ele>
        <time>2026-10-08T12:00:15Z</time>
        <extensions>
          <gpxtpx:TrackPointExtension>
            <gpxtpx:hr>151</gpxtpx:hr>
          </gpxtpx:TrackPointExtension>
        </extensions>
      </trkpt>
      <trkpt lat="30.291171151633627" lon="120.22395696344903">
        <ele>14.399999618530273</ele>
        <time>2026-10-08T12:00:19Z</time>
        <extensions>
          <gpxtpx:TrackPointExtension>
            <gpxtpx:hr>151</gpxtpx:hr>
          </gpxtpx:TrackPointExtension>
        </extensions>
      </trkpt>
      <trkpt lat="30.291254180077306" lon="120.22400503686444">
        <ele>14.600000381469727</ele>
        <time>2026-10-08T12:00:23Z</time>
        <extensions>
          <gpxtpx:TrackPointExtension>
            <gpxtpx:hr>151</gpxtpx:hr>
          </gpxtpx:TrackPointExtension>
        </extensions>
      </trkpt>
      <trkpt lat="30.291354202724655" lon="120.22404810044212">
        <ele>14.800000190734863</ele>
        <time>2026-10-08T12:00:27Z</time>
        <extensions>
          <gpxtpx:TrackPointExtension>
            <gpxtpx:hr>151</gpxtpx:hr>
          </gpxtpx:TrackPointExtension>
        </extensions>
      </trkpt>
      <trkpt lat="30.291444237996046" lon="120.22410618977216">
        <ele>15.0</ele>
        <time>2026-10-08T12:00:31Z</time>
        <extensions>
          <gpxtpx:TrackPointExtension>
            <gpxtpx:hr>153</gpxtpx:hr>
          </gpxtpx:TrackPointExtension>
        </extensions>
      </trkpt>
      <trkpt lat="30.29151829030832" lon="120.22418431355955">
        <ele>15.0</ele>
        <time>2026-10-08T12:00:35Z</time>
        <extensions>
          <gpxtpx:TrackPointExtension>
            <gpxtpx:hr>153</gpxtpx:hr>
          </gpxtpx:TrackPointExtension>
        </extensions>
      </trkpt>
      <trkpt lat="30.291500387657443" lon="120.22430852099956">
        <ele>15.0</ele>
        <time>2026-10-08T12:00:39Z</time>
        <extensions>
          <gpxtpx:TrackPointExtension>
            <gpxtpx:hr>152</gpxtpx:hr>
          </gpxtpx:TrackPointExtension>
        </extensions>
      </trkpt>
      <trkpt lat="30.291464478018426" lon="120.22442171110183">
        <ele>15.0</ele>
        <time>2026-10-08T12:00:43Z</time>
        <extensions>
          <gpxtpx:TrackPointExtension>
            <gpxtpx:hr>154</gpxtpx:hr>
          </gpxtpx:TrackPointExtension>
        </extensions>
      </trkpt>
      <trkpt lat="30.291426579538456" lon="120.22454992557782">
        <ele>14.800000190734863</ele>
        <time>2026-10-08T12:00:47Z</time>
        <extensions>
          <gpxtpx:TrackPointExtension>
            <gpxtpx:hr>153</gpxtpx:hr>
          </gpxtpx:TrackPointExtension>
        </extensions>
      </trkpt>
      <trkpt lat="30.29139067951834" lon="120.22467713757348">
        <ele>14.600000381469727</ele>
        <time>2026-10-08T12:00:51Z</time>
        <extensions>
          <gpxtpx:TrackPointExtension>
            <gpxtpx:hr>152</gpxtpx:hr>
          </gpxtpx:TrackPointExtension>
        </extensions>
      </trkpt>
      <trkpt lat="30.291325779808474" lon="120.22480134637803">
        <ele>14.199999809265137</ele>
        <time>2026-10-08T12:00:55Z</time>
        <extensions>
          <gpxtpx:TrackPointExtension>
            <gpxtpx:hr>152</gpxtpx:hr>
          </gpxtpx:TrackPointExtension>
        </extensions>
      </trkpt>
      <trkpt lat="30.29122582055053" lon="120.2248414201022">
        <ele>13.800000190734863</ele>
        <time>2026-10-08T12:00:59Z</time>
        <extensions>
          <gpxtpx:TrackPointExtension>
            <gpxtpx:hr>152</gpxtpx:hr>
          </gpxtpx:TrackPointExtension>
        </extensions>
      </trkpt>
      <trkpt lat="30.291116833021867" lon="120.22484243070723">
        <ele>14.0</ele>
        <time>2026-10-08T12:01:03Z</time>
        <extensions>
          <gpxtpx:TrackPointExtension>
            <gpxtpx:hr>152</gpxtpx:hr>
          </gpxtpx:TrackPointExtension>
        </extensions>
      </trkpt>
      <trkpt lat="30.291021849220424" lon="120.22485045161474">
        <ele>14.199999809265137</ele>
        <time>2026-10-08T12:01:07Z</time>
        <extensions>
          <gpxtpx:TrackPointExtension>
            <gpxtpx:hr>151</gpxtpx:hr>
          </gpxtpx:TrackPointExtension>
        </extensions>
      </trkpt>
      <trkpt lat="30.29092785931588" lon="120.22485045934896">
        <ele>14.199999809265137</ele>
        <time>2026-10-08T12:01:11Z</time>
        <extensions>
          <gpxtpx:TrackPointExtension>
            <gpxtpx:hr>150</gpxtpx:hr>
          </gpxtpx:TrackPointExtension>
        </extensions>
      </trkpt>
      <trkpt lat="30.290826871652595" lon="120.22485247093141">
        <ele>14.0</ele>
        <time>2026-10-08T12:01:15Z</time>
        <extensions>
          <gpxtpx:TrackPointExtension>
            <gpxtpx:hr>143</gpxtpx:hr>
          </gpxtpx:TrackPointExtension>
        </extensions>
      </trkpt>
      <trkpt lat="30.290718886976812" lon="120.22485748799755">
        <ele>14.199999809265137</ele>
        <time>2026-10-08T12:01:19Z</time>
        <extensions>
          <gpxtpx:TrackPointExtension>
            <gpxtpx:hr>143</gpxtpx:hr>
          </gpxtpx:TrackPointExtension>
        </extensions>
      </trkpt>
      <trkpt lat="30.290619899831047" lon="120.2248605010506">
        <ele>14.0</ele>
        <time>2026-10-08T12:01:23Z</time>
        <extensions>
          <gpxtpx:TrackPointExtension>
            <gpxtpx:hr>143</gpxtpx:hr>
          </gpxtpx:TrackPointExtension>
        </extensions>
      </trkpt>
      <trkpt lat="30.290522898993355" lon="120.22484548449009">
        <ele>14.0</ele>
        <time>2026-10-08T12:01:27Z</time>
        <extensions>
          <gpxtpx:TrackPointExtension>
            <gpxtpx:hr>147</gpxtpx:hr>
          </gpxtpx:TrackPointExtension>
        </extensions>
      </trkpt>
      <trkpt lat="30.290410907984274" lon="120.22484148715922">
        <ele>13.800000190734863</ele>
        <time>2026-10-08T12:01:31Z</time>
        <extensions>
          <gpxtpx:TrackPointExtension>
            <gpxtpx:hr>149</gpxtpx:hr>
          </gpxtpx:TrackPointExtension>
        </extensions>
      </trkpt>
      <trkpt lat="30.29030391418379" lon="120.22483448450592">
        <ele>13.800000190734863</ele>
        <time>2026-10-08T12:01:35Z</time>
        <extensions>
          <gpxtpx:TrackPointExtension>
            <gpxtpx:hr>149</gpxtpx:hr>
          </gpxtpx:TrackPointExtension>
        </extensions>
      </trkpt>
      <trkpt lat="30.29020191084505" lon="120.22481546179054">
        <ele>13.800000190734863</ele>
        <time>2026-10-08T12:01:39Z</time>
        <extensions>
          <gpxtpx:TrackPointExtension>
            <gpxtpx:hr>149</gpxtpx:hr>
          </gpxtpx:TrackPointExtension>
        </extensions>
      </trkpt>
      <trkpt lat="30.29010390780929" lon="120.22479744036964">
        <ele>13.600000381469727</ele>
        <time>2026-10-08T12:01:43Z</time>
        <extensions>
          <gpxtpx:TrackPointExtension>
            <gpxtpx:hr>152</gpxtpx:hr>
          </gpxtpx:TrackPointExtension>
        </extensions>
      </trkpt>
      <trkpt lat="30.290002894558306" lon="120.2247653962307">
        <ele>13.600000381469727</ele>
        <time>2026-10-08T12:01:47Z</time>
        <extensions>
          <gpxtpx:TrackPointExtension>
            <gpxtpx:hr>151</gpxtpx:hr>
          </gpxtpx:TrackPointExtension>
        </extensions>
      </trkpt>
      <trkpt lat="30.289909881163787" lon="120.22473435303249">
        <ele>13.800000190734863</ele>
        <time>2026-10-08T12:01:51Z</time>
        <extensions>
          <gpxtpx:TrackPointExtension>
            <gpxtpx:hr>150</gpxtpx:hr>
          </gpxtpx:TrackPointExtension>
        </extensions>
      </trkpt>
      <trkpt lat="30.289810891713273" lon="120.22473436117794">
        <ele>13.800000190734863</ele>
        <time>2026-10-08T12:01:55Z</time>
        <extensions>
          <gpxtpx:TrackPointExtension>
            <gpxtpx:hr>148</gpxtpx:hr>
          </gpxtpx:TrackPointExtension>
        </extensions>
      </trkpt>
      <trkpt lat="30.289695901700775" lon="120.22473136571674">
        <ele>13.800000190734863</ele>
        <time>2026-10-08T12:01:59Z</time>
        <extensions>
          <gpxtpx:TrackPointExtension>
            <gpxtpx:hr>147</gpxtpx:hr>
          </gpxtpx:TrackPointExtension>
        </extensions>
      </trkpt>
      <trkpt lat="30.28957890887956" lon="120.22472436385456">
        <ele>13.800000190734863</ele>
        <time>2026-10-08T12:02:03Z</time>
        <extensions>
          <gpxtpx:TrackPointExtension>
            <gpxtpx:hr>146</gpxtpx:hr>
          </gpxtpx:TrackPointExtension>
        </extensions>
      </trkpt>
      <trkpt lat="30.289464928525422" lon="120.22473438964566">
        <ele>13.800000190734863</ele>
        <time>2026-10-08T12:02:07Z</time>
        <extensions>
          <gpxtpx:TrackPointExtension>
            <gpxtpx:hr>145</gpxtpx:hr>
          </gpxtpx:TrackPointExtension>
        </extensions>
      </trkpt>
      <trkpt lat="30.2893619439811" lon="120.22474040796504">
        <ele>13.800000190734863</ele>
        <time>2026-10-08T12:02:11Z</time>
        <extensions>
          <gpxtpx:TrackPointExtension>
            <gpxtpx:hr>145</gpxtpx:hr>
          </gpxtpx:TrackPointExtension>
        </extensions>
      </trkpt>
      <trkpt lat="30.289259959321466" lon="120.22474642620062">
        <ele>13.800000190734863</ele>
        <time>2026-10-08T12:02:15Z</time>
        <extensions>
          <gpxtpx:TrackPointExtension>
            <gpxtpx:hr>145</gpxtpx:hr>
          </gpxtpx:TrackPointExtension>
        </extensions>
      </trkpt>
      <trkpt lat="30.289148959057" lon="120.22473040908064">
        <ele>13.600000381469727</ele>
        <time>2026-10-08T12:02:19Z</time>
        <extensions>
          <gpxtpx:TrackPointExtension>
            <gpxtpx:hr>145</gpxtpx:hr>
          </gpxtpx:TrackPointExtension>
        </extensions>
      </trkpt>
      <trkpt lat="30.28902996715233" lon="120.22472440902396">
        <ele>13.600000381469727</ele>
        <time>2026-10-08T12:02:23Z</time>
        <extensions>
          <gpxtpx:TrackPointExtension>
            <gpxtpx:hr>144</gpxtpx:hr>
          </gpxtpx:TrackPointExtension>
        </extensions>
      </trkpt>
      <trkpt lat="30.28892899665904" lon="120.22474945835475">
        <ele>13.800000190734863</ele>
        <time>2026-10-08T12:02:27Z</time>
        <extensions>
          <gpxtpx:TrackPointExtension>
            <gpxtpx:hr>144</gpxtpx:hr>
          </gpxtpx:TrackPointExtension>
        </extensions>
      </trkpt>
      <trkpt lat="30.288807989899205" lon="120.22472342564755">
        <ele>13.800000190734863</ele>
        <time>2026-10-08T12:02:31Z</time>
        <extensions>
          <gpxtpx:TrackPointExtension>
            <gpxtpx:hr>144</gpxtpx:hr>
          </gpxtpx:TrackPointExtension>
        </extensions>
      </trkpt>
      <trkpt lat="30.288730929383313" lon="120.2246322824458">
        <ele>13.800000190734863</ele>
        <time>2026-10-08T12:02:35Z</time>
        <extensions>
          <gpxtpx:TrackPointExtension>
            <gpxtpx:hr>145</gpxtpx:hr>
          </gpxtpx:TrackPointExtension>
        </extensions>
      </trkpt>
      <trkpt lat="30.28868784218984" lon="120.22451108662234">
        <ele>13.800000190734863</ele>
        <time>2026-10-08T12:02:39Z</time>
        <extensions>
          <gpxtpx:TrackPointExtension>
            <gpxtpx:hr>148</gpxtpx:hr>
          </gpxtpx:TrackPointExtension>
        </extensions>
      </trkpt>
      <trkpt lat="30.288651759097423" lon="120.2243969012069">
        <ele>13.800000190734863</ele>
        <time>2026-10-08T12:02:43Z</time>
        <extensions>
          <gpxtpx:TrackPointExtension>
            <gpxtpx:hr>148</gpxtpx:hr>
          </gpxtpx:TrackPointExtension>
        </extensions>
      </trkpt>
      <trkpt lat="30.28861067454487" lon="120.22428071235147">
        <ele>14.0</ele>
        <time>2026-10-08T12:02:47Z</time>
        <extensions>
          <gpxtpx:TrackPointExtension>
            <gpxtpx:hr>151</gpxtpx:hr>
          </gpxtpx:TrackPointExtension>
        </extensions>
      </trkpt>
      <trkpt lat="30.28855559640798" lon="120.22417153574612">
        <ele>14.0</ele>
        <time>2026-10-08T12:02:51Z</time>
        <extensions>
          <gpxtpx:TrackPointExtension>
            <gpxtpx:hr>152</gpxtpx:hr>
          </gpxtpx:TrackPointExtension>
        </extensions>
      </trkpt>
      <trkpt lat="30.28850851158169" lon="120.22405534631673">
        <ele>14.199999809265137</ele>
        <time>2026-10-08T12:02:55Z</time>
        <extensions>
          <gpxtpx:TrackPointExtension>
            <gpxtpx:hr>152</gpxtpx:hr>
          </gpxtpx:TrackPointExtension>
        </extensions>
      </trkpt>
      <trkpt lat="30.28847142601322" lon="120.22394015718831">
        <ele>14.199999809265137</ele>
        <time>2026-10-08T12:02:59Z</time>
        <extensions>
          <gpxtpx:TrackPointExtension>
            <gpxtpx:hr>152</gpxtpx:hr>
          </gpxtpx:TrackPointExtension>
        </extensions>
      </trkpt>
      <trkpt lat="30.28842934208215" lon="120.22382697128782">
        <ele>14.399999618530273</ele>
        <time>2026-10-08T12:03:03Z</time>
        <extensions>
          <gpxtpx:TrackPointExtension>
            <gpxtpx:hr>153</gpxtpx:hr>
          </gpxtpx:TrackPointExtension>
        </extensions>
      </trkpt>
      <trkpt lat="30.288367263756673" lon="120.22371879492526">
        <ele>14.199999809265137</ele>
        <time>2026-10-08T12:03:07Z</time>
        <extensions>
          <gpxtpx:TrackPointExtension>
            <gpxtpx:hr>154</gpxtpx:hr>
          </gpxtpx:TrackPointExtension>
        </extensions>
      </trkpt>
      <trkpt lat="30.288328179436107" lon="120.2236066094475">
        <ele>14.399999618530273</ele>
        <time>2026-10-08T12:03:11Z</time>
        <extensions>
          <gpxtpx:TrackPointExtension>
            <gpxtpx:hr>155</gpxtpx:hr>
          </gpxtpx:TrackPointExtension>
        </extensions>
      </trkpt>
      <trkpt lat="30.288284092823" lon="120.2234914187961">
        <ele>14.600000381469727</ele>
        <time>2026-10-08T12:03:15Z</time>
        <extensions>
          <gpxtpx:TrackPointExtension>
            <gpxtpx:hr>155</gpxtpx:hr>
          </gpxtpx:TrackPointExtension>
        </extensions>
      </trkpt>
      <trkpt lat="30.28823400798423" lon="120.2233782314936">
        <ele>14.399999618530273</ele>
        <time>2026-10-08T12:03:19Z</time>
        <extensions>
          <gpxtpx:TrackPointExtension>
            <gpxtpx:hr>155</gpxtpx:hr>
          </gpxtpx:TrackPointExtension>
        </extensions>
      </trkpt>
      <trkpt lat="30.288180931051183" lon="120.22327506092601">
        <ele>14.399999618530273</ele>
        <time>2026-10-08T12:03:23Z</time>
        <extensions>
          <gpxtpx:TrackPointExtension>
            <gpxtpx:hr>156</gpxtpx:hr>
          </gpxtpx:TrackPointExtension>
        </extensions>
      </trkpt>
      <trkpt lat="30.288146848525653" lon="120.22316788154582">
        <ele>14.399999618530273</ele>
        <time>2026-10-08T12:03:27Z</time>
        <extensions>
          <gpxtpx:TrackPointExtension>
            <gpxtpx:hr>157</gpxtpx:hr>
          </gpxtpx:TrackPointExtension>
        </extensions>
      </trkpt>
      <trkpt lat="30.288103769794382" lon="120.2230647092785">
        <ele>14.600000381469727</ele>
        <time>2026-10-08T12:03:31Z</time>
        <extensions>
          <gpxtpx:TrackPointExtension>
            <gpxtpx:hr>156</gpxtpx:hr>
          </gpxtpx:TrackPointExtension>
        </extensions>
      </trkpt>
      <trkpt lat="30.288058686840053" lon="120.22295652818035">
        <ele>14.600000381469727</ele>
        <time>2026-10-08T12:03:35Z</time>
        <extensions>
          <gpxtpx:TrackPointExtension>
            <gpxtpx:hr>155</gpxtpx:hr>
          </gpxtpx:TrackPointExtension>
        </extensions>
      </trkpt>
      <trkpt lat="30.288010596441666" lon="120.22283933139673">
        <ele>14.600000381469727</ele>
        <time>2026-10-08T12:03:39Z</time>
        <extensions>
          <gpxtpx:TrackPointExtension>
            <gpxtpx:hr>155</gpxtpx:hr>
          </gpxtpx:TrackPointExtension>
        </extensions>
      </trkpt>
      <trkpt lat="30.287972505343784" lon="120.2227231349599">
        <ele>14.600000381469727</ele>
        <time>2026-10-08T12:03:43Z</time>
        <extensions>
          <gpxtpx:TrackPointExtension>
            <gpxtpx:hr>154</gpxtpx:hr>
          </gpxtpx:TrackPointExtension>
        </extensions>
      </trkpt>
      <trkpt lat="30.287949402297265" lon="120.22259491601388">
        <ele>14.600000381469727</ele>
        <time>2026-10-08T12:03:47Z</time>
        <extensions>
          <gpxtpx:TrackPointExtension>
            <gpxtpx:hr>155</gpxtpx:hr>
          </gpxtpx:TrackPointExtension>
        </extensions>
      </trkpt>
      <trkpt lat="30.287911320189973" lon="120.22249073922353">
        <ele>14.800000190734863</ele>
        <time>2026-10-08T12:03:51Z</time>
        <extensions>
          <gpxtpx:TrackPointExtension>
            <gpxtpx:hr>155</gpxtpx:hr>
          </gpxtpx:TrackPointExtension>
        </extensions>
      </trkpt>
      <trkpt lat="30.28787423094109" lon="120.2223785480241">
        <ele>14.600000381469727</ele>
        <time>2026-10-08T12:03:55Z</time>
        <extensions>
          <gpxtpx:TrackPointExtension>
            <gpxtpx:hr>153</gpxtpx:hr>
          </gpxtpx:TrackPointExtension>
        </extensions>
      </trkpt>
      <trkpt lat="30.287841127442817" lon="120.22225032812847">
        <ele>14.600000381469727</ele>
        <time>2026-10-08T12:03:59Z</time>
        <extensions>
          <gpxtpx:TrackPointExtension>
            <gpxtpx:hr>153</gpxtpx:hr>
          </gpxtpx:TrackPointExtension>
        </extensions>
      </trkpt>
      <trkpt lat="30.28783301065209" lon="120.22211008455166">
        <ele>14.600000381469727</ele>
        <time>2026-10-08T12:04:03Z</time>
        <extensions>
          <gpxtpx:TrackPointExtension>
            <gpxtpx:hr>152</gpxtpx:hr>
          </gpxtpx:TrackPointExtension>
        </extensions>
      </trkpt>
      <trkpt lat="30.28782591426396" lon="120.22199488391769">
        <ele>14.800000190734863</ele>
        <time>2026-10-08T12:04:07Z</time>
        <extensions>
          <gpxtpx:TrackPointExtension>
            <gpxtpx:hr>151</gpxtpx:hr>
          </gpxtpx:TrackPointExtension>
        </extensions>
      </trkpt>
      <trkpt lat="30.287796834189695" lon="120.22189671442055">
        <ele>14.800000190734863</ele>
        <time>2026-10-08T12:04:11Z</time>
        <extensions>
          <gpxtpx:TrackPointExtension>
            <gpxtpx:hr>151</gpxtpx:hr>
          </gpxtpx:TrackPointExtension>
        </extensions>
      </trkpt>
      <trkpt lat="30.287761745032746" lon="120.22178752567265">
        <ele>14.600000381469727</ele>
        <time>2026-10-08T12:04:15Z</time>
        <extensions>
          <gpxtpx:TrackPointExtension>
            <gpxtpx:hr>151</gpxtpx:hr>
          </gpxtpx:TrackPointExtension>
        </extensions>
      </trkpt>
      <trkpt lat="30.287722647318926" lon="120.22166831913101">
        <ele>14.399999618530273</ele>
        <time>2026-10-08T12:04:19Z</time>
        <extensions>
          <gpxtpx:TrackPointExtension>
            <gpxtpx:hr>153</gpxtpx:hr>
          </gpxtpx:TrackPointExtension>
        </extensions>
      </trkpt>
      <trkpt lat="30.287689542463955" lon="120.22154209914073">
        <ele>14.399999618530273</ele>
        <time>2026-10-08T12:04:23Z</time>
        <extensions>
          <gpxtpx:TrackPointExtension>
            <gpxtpx:hr>152</gpxtpx:hr>
          </gpxtpx:TrackPointExtension>
        </extensions>
      </trkpt>
      <trkpt lat="30.28763944751437" lon="120.22142589766526">
        <ele>14.399999618530273</ele>
        <time>2026-10-08T12:04:27Z</time>
        <extensions>
          <gpxtpx:TrackPointExtension>
            <gpxtpx:hr>152</gpxtpx:hr>
          </gpxtpx:TrackPointExtension>
        </extensions>
      </trkpt>
      <trkpt lat="30.287577359453973" lon="120.22131670909566">
        <ele>14.199999809265137</ele>
        <time>2026-10-08T12:04:31Z</time>
        <extensions>
          <gpxtpx:TrackPointExtension>
            <gpxtpx:hr>153</gpxtpx:hr>
          </gpxtpx:TrackPointExtension>
        </extensions>
      </trkpt>
      <trkpt lat="30.28751227043189" lon="120.22120651851701">
        <ele>14.399999618530273</ele>
        <time>2026-10-08T12:04:35Z</time>
        <extensions>
          <gpxtpx:TrackPointExtension>
            <gpxtpx:hr>153</gpxtpx:hr>
          </gpxtpx:TrackPointExtension>
        </extensions>
      </trkpt>
      <trkpt lat="30.287450178931685" lon="120.22109432363499">
        <ele>14.199999809265137</ele>
        <time>2026-10-08T12:04:39Z</time>
        <extensions>
          <gpxtpx:TrackPointExtension>
            <gpxtpx:hr>152</gpxtpx:hr>
          </gpxtpx:TrackPointExtension>
        </extensions>
      </trkpt>
      <trkpt lat="30.287463057125965" lon="120.22095707726125">
        <ele>14.0</ele>
        <time>2026-10-08T12:04:43Z</time>
        <extensions>
          <gpxtpx:TrackPointExtension>
            <gpxtpx:hr>155</gpxtpx:hr>
          </gpxtpx:TrackPointExtension>
        </extensions>
      </trkpt>
      <trkpt lat="30.287549964119275" lon="120.22086189956023">
        <ele>13.800000190734863</ele>
        <time>2026-10-08T12:04:47Z</time>
        <extensions>
          <gpxtpx:TrackPointExtension>
            <gpxtpx:hr>155</gpxtpx:hr>
          </gpxtpx:TrackPointExtension>
        </extensions>
      </trkpt>
      <trkpt lat="30.287655891883308" lon="120.22079276674401">
        <ele>13.800000190734863</ele>
        <time>2026-10-08T12:04:51Z</time>
        <extensions>
          <gpxtpx:TrackPointExtension>
            <gpxtpx:hr>156</gpxtpx:hr>
          </gpxtpx:TrackPointExtension>
        </extensions>
      </trkpt>
      <trkpt lat="30.28776382816045" lon="120.22073365159724">
        <ele>13.800000190734863</ele>
        <time>2026-10-08T12:04:55Z</time>
        <extensions>
          <gpxtpx:TrackPointExtension>
            <gpxtpx:hr>157</gpxtpx:hr>
          </gpxtpx:TrackPointExtension>
        </extensions>
      </trkpt>
      <trkpt lat="30.287860766358992" lon="120.22067553902264">
        <ele>13.800000190734863</ele>
        <time>2026-10-08T12:04:59Z</time>
        <extensions>
          <gpxtpx:TrackPointExtension>
            <gpxtpx:hr>159</gpxtpx:hr>
          </gpxtpx:TrackPointExtension>
        </extensions>
      </trkpt>
      <trkpt lat="30.287951703283113" lon="120.22061542319538">
        <ele>14.0</ele>
        <time>2026-10-08T12:05:03Z</time>
        <extensions>
          <gpxtpx:TrackPointExtension>
            <gpxtpx:hr>157</gpxtpx:hr>
          </gpxtpx:TrackPointExtension>
        </extensions>
      </trkpt>
      <trkpt lat="30.28803864408074" lon="120.22055931479123">
        <ele>14.0</ele>
        <time>2026-10-08T12:05:07Z</time>
        <extensions>
          <gpxtpx:TrackPointExtension>
            <gpxtpx:hr>156</gpxtpx:hr>
          </gpxtpx:TrackPointExtension>
        </extensions>
      </trkpt>
      <trkpt lat="30.28811958808918" lon="120.2205062121905">
        <ele>14.0</ele>
        <time>2026-10-08T12:05:11Z</time>
        <extensions>
          <gpxtpx:TrackPointExtension>
            <gpxtpx:hr>157</gpxtpx:hr>
          </gpxtpx:TrackPointExtension>
        </extensions>
      </trkpt>
      <trkpt lat="30.28821552502882" lon="120.22044709736392">
        <ele>14.0</ele>
        <time>2026-10-08T12:05:15Z</time>
        <extensions>
          <gpxtpx:TrackPointExtension>
            <gpxtpx:hr>154</gpxtpx:hr>
          </gpxtpx:TrackPointExtension>
        </extensions>
      </trkpt>
      <trkpt lat="30.28830746946955" lon="120.2203959972537">
        <ele>14.0</ele>
        <time>2026-10-08T12:05:19Z</time>
        <extensions>
          <gpxtpx:TrackPointExtension>
            <gpxtpx:hr>155</gpxtpx:hr>
          </gpxtpx:TrackPointExtension>
        </extensions>
      </trkpt>
      <trkpt lat="30.288392409143547" lon="120.22033888671194">
        <ele>14.0</ele>
        <time>2026-10-08T12:05:23Z</time>
        <extensions>
          <gpxtpx:TrackPointExtension>
            <gpxtpx:hr>151</gpxtpx:hr>
          </gpxtpx:TrackPointExtension>
        </extensions>
      </trkpt>
      <trkpt lat="30.288486345946083" lon="120.220279771661">
        <ele>14.0</ele>
        <time>2026-10-08T12:05:27Z</time>
        <extensions>
          <gpxtpx:TrackPointExtension>
            <gpxtpx:hr>151</gpxtpx:hr>
          </gpxtpx:TrackPointExtension>
        </extensions>
      </trkpt>
      <trkpt lat="30.28857727931855" lon="120.22021664943027">
        <ele>14.0</ele>
        <time>2026-10-08T12:05:31Z</time>
        <extensions>
          <gpxtpx:TrackPointExtension>
            <gpxtpx:hr>149</gpxtpx:hr>
          </gpxtpx:TrackPointExtension>
        </extensions>
      </trkpt>
      <trkpt lat="30.288664202074038" lon="120.22014150547037">
        <ele>14.0</ele>
        <time>2026-10-08T12:05:35Z</time>
        <extensions>
          <gpxtpx:TrackPointExtension>
            <gpxtpx:hr>149</gpxtpx:hr>
          </gpxtpx:TrackPointExtension>
        </extensions>
      </trkpt>
      <trkpt lat="30.288763127012295" lon="120.22007036761403">
        <ele>14.0</ele>
        <time>2026-10-08T12:05:39Z</time>
        <extensions>
          <gpxtpx:TrackPointExtension>
            <gpxtpx:hr>151</gpxtpx:hr>
          </gpxtpx:TrackPointExtension>
        </extensions>
      </trkpt>
      <trkpt lat="30.288853051814584" lon="120.21999822846952">
        <ele>14.199999809265137</ele>
        <time>2026-10-08T12:05:43Z</time>
        <extensions>
          <gpxtpx:TrackPointExtension>
            <gpxtpx:hr>152</gpxtpx:hr>
          </gpxtpx:TrackPointExtension>
        </extensions>
      </trkpt>
      <trkpt lat="30.2889369798211" lon="120.21992909511681">
        <ele>14.0</ele>
        <time>2026-10-08T12:05:47Z</time>
        <extensions>
          <gpxtpx:TrackPointExtension>
            <gpxtpx:hr>151</gpxtpx:hr>
          </gpxtpx:TrackPointExtension>
        </extensions>
      </trkpt>
      <trkpt lat="30.289010918819336" lon="120.21987098259928">
        <ele>14.0</ele>
        <time>2026-10-08T12:05:51Z</time>
        <extensions>
          <gpxtpx:TrackPointExtension>
            <gpxtpx:hr>151</gpxtpx:hr>
          </gpxtpx:TrackPointExtension>
        </extensions>
      </trkpt>
      <trkpt lat="30.28907385243009" lon="120.21980585798663">
        <ele>14.399999618530273</ele>
        <time>2026-10-08T12:05:55Z</time>
        <extensions>
          <gpxtpx:TrackPointExtension>
            <gpxtpx:hr>150</gpxtpx:hr>
          </gpxtpx:TrackPointExtension>
        </extensions>
      </trkpt>
      <trkpt lat="30.289156777323175" lon="120.21973371867237">
        <ele>14.199999809265137</ele>
        <time>2026-10-08T12:05:59Z</time>
        <extensions>
          <gpxtpx:TrackPointExtension>
            <gpxtpx:hr>148</gpxtpx:hr>
          </gpxtpx:TrackPointExtension>
        </extensions>
      </trkpt>
      <trkpt lat="30.28922770978345" lon="120.21966859305181">
        <ele>14.199999809265137</ele>
        <time>2026-10-08T12:06:03Z</time>
        <extensions>
          <gpxtpx:TrackPointExtension>
            <gpxtpx:hr>149</gpxtpx:hr>
          </gpxtpx:TrackPointExtension>
        </extensions>
      </trkpt>
      <trkpt lat="30.2893016491923" lon="120.21961148178929">
        <ele>14.199999809265137</ele>
        <time>2026-10-08T12:06:07Z</time>
        <extensions>
          <gpxtpx:TrackPointExtension>
            <gpxtpx:hr>147</gpxtpx:hr>
          </gpxtpx:TrackPointExtension>
        </extensions>
      </trkpt>
      <trkpt lat="30.289377591989258" lon="120.21955837762815">
        <ele>14.199999809265137</ele>
        <time>2026-10-08T12:06:11Z</time>
        <extensions>
          <gpxtpx:TrackPointExtension>
            <gpxtpx:hr>146</gpxtpx:hr>
          </gpxtpx:TrackPointExtension>
        </extensions>
      </trkpt>
      <trkpt lat="30.289446522413943" lon="120.2194912480255">
        <ele>14.199999809265137</ele>
        <time>2026-10-08T12:06:15Z</time>
        <extensions>
          <gpxtpx:TrackPointExtension>
            <gpxtpx:hr>146</gpxtpx:hr>
          </gpxtpx:TrackPointExtension>
        </extensions>
      </trkpt>
      <trkpt lat="30.289512458599322" lon="120.21943012961468">
        <ele>14.0</ele>
        <time>2026-10-08T12:06:19Z</time>
        <extensions>
          <gpxtpx:TrackPointExtension>
            <gpxtpx:hr>144</gpxtpx:hr>
          </gpxtpx:TrackPointExtension>
        </extensions>
      </trkpt>
      <trkpt lat="30.28958038323347" lon="120.2193569886236">
        <ele>14.0</ele>
        <time>2026-10-08T12:06:23Z</time>
        <extensions>
          <gpxtpx:TrackPointExtension>
            <gpxtpx:hr>142</gpxtpx:hr>
          </gpxtpx:TrackPointExtension>
        </extensions>
      </trkpt>
      <trkpt lat="30.289654318291426" lon="120.21929586923476">
        <ele>14.199999809265137</ele>
        <time>2026-10-08T12:06:27Z</time>
        <extensions>
          <gpxtpx:TrackPointExtension>
            <gpxtpx:hr>142</gpxtpx:hr>
          </gpxtpx:TrackPointExtension>
        </extensions>
      </trkpt>
      <trkpt lat="30.2897242508326" lon="120.2192317444476">
        <ele>14.199999809265137</ele>
        <time>2026-10-08T12:06:31Z</time>
        <extensions>
          <gpxtpx:TrackPointExtension>
            <gpxtpx:hr>141</gpxtpx:hr>
          </gpxtpx:TrackPointExtension>
        </extensions>
      </trkpt>
      <trkpt lat="30.289802197431687" lon="120.21918364865206">
        <ele>14.0</ele>
        <time>2026-10-08T12:06:35Z</time>
        <extensions>
          <gpxtpx:TrackPointExtension>
            <gpxtpx:hr>141</gpxtpx:hr>
          </gpxtpx:TrackPointExtension>
        </extensions>
      </trkpt>
      <trkpt lat="30.28989217655673" lon="120.21917161888202">
        <ele>13.399999618530273</ele>
        <time>2026-10-08T12:06:39Z</time>
        <extensions>
          <gpxtpx:TrackPointExtension>
            <gpxtpx:hr>143</gpxtpx:hr>
          </gpxtpx:TrackPointExtension>
        </extensions>
      </trkpt>
      <trkpt lat="30.28996721836997" lon="120.21922471140422">
        <ele>13.600000381469727</ele>
        <time>2026-10-08T12:06:43Z</time>
        <extensions>
          <gpxtpx:TrackPointExtension>
            <gpxtpx:hr>143</gpxtpx:hr>
          </gpxtpx:TrackPointExtension>
        </extensions>
      </trkpt>
      <trkpt lat="30.290017277744237" lon="120.21929383561816">
        <ele>13.600000381469727</ele>
        <time>2026-10-08T12:06:47Z</time>
        <extensions>
          <gpxtpx:TrackPointExtension>
            <gpxtpx:hr>141</gpxtpx:hr>
          </gpxtpx:TrackPointExtension>
        </extensions>
      </trkpt>
      <trkpt lat="30.290052391766118" lon="120.21942006660291">
        <ele>14.0</ele>
        <time>2026-10-08T12:06:51Z</time>
        <extensions>
          <gpxtpx:TrackPointExtension>
            <gpxtpx:hr>140</gpxtpx:hr>
          </gpxtpx:TrackPointExtension>
        </extensions>
      </trkpt>
    </trkseg>
  </trk>
</gpx>